fecha,id,id_legislador,id_proyecto,organismo
2019-03-25,0,9891,143021,INAU*
2019-03-25,1,9891,143023,MINISTERIO INTERIOR
2019-03-25,2,9891,143019,INISA*
2018-11-03,3,9891,141805,INISA*
2018-05-16,4,9891,139765,INAU*
2017-10-03,5,9891,136897,COTRYBA*
2017-07-10,6,9891,135629,ONSC*
2017-06-08,7,9891,135191,COMISION NACIONAL HONORARIA ZOONOSIS
2017-06-06,8,9891,135133,AFE*
2017-04-24,9,9891,134493,MTSS*
2017-04-06,10,9891,134373,UTE*
2017-04-06,11,9891,134373,DIRECCION NACIONAL ENERGIA
2017-04-06,12,9891,134373,ADME*
2017-04-06,13,9891,134373,URSEA*
2017-04-03,14,9891,134275,MEC*
2017-04-03,15,9891,134270,MTSS*
2017-04-03,16,9891,134270,MIDES*
2016-05-03,17,9891,129398,MIDES*
2016-04-27,18,9891,129297,MIDES*
2016-03-08,19,9891,128543,SNIC*
2016-03-08,20,9891,128544,INAU*
2015-10-27,21,9891,127070,BPS*
2015-08-04,22,9891,125763,ONSC*
2015-08-04,23,9891,125766,INAU*
2015-08-04,24,9891,125767,SIRPA*
2015-03-20,25,9891,123841,ANTEL*
2015-03-20,26,9891,123840,ANTEL*
2015-03-20,27,9891,123842,MEF*
2015-03-20,28,9891,123844,ANCAP*
2015-03-20,29,9891,123843,BROU*
2016-08-11,30,5146,131186,TRIBUNAL CUENTAS
2019-03-14,31,1044,142825,MEF*
2019-03-14,32,1044,142825,MTOP*
2019-03-14,33,1044,142825,ANP*
2019-03-14,34,1044,142825,MGAP*
2019-03-14,35,1044,142825,DINARA*
2019-03-14,36,1044,142825,MVOTMA*
2019-03-14,37,1044,142825,INSTITUTO PROMOCION INVERSION Y EXPORTACIONES BIENES Y SERVICIOS
2019-03-14,38,1044,142825,COMAP*
2018-05-17,39,1044,139767,MEC*
2016-10-24,40,1044,132262,INAU*
2016-09-14,41,1044,131662,MTOP*
2016-09-05,42,1044,131445,MINISTERIO INTERIOR
2016-07-11,43,1044,130678,ASSE*
2016-07-11,44,1044,130680,ASSE*
2016-07-11,45,1044,130682,MSP*
2016-06-06,46,1044,130069,MVOTMA*
2016-05-24,47,1044,129840,MGAP*
2016-05-24,48,1044,129841,MVOTMA*
2016-05-24,49,1044,129836,ANCAP*
2016-05-02,50,1044,129337,URSEA*
2016-04-28,51,1044,129315,OSE*
2016-04-28,52,1044,129316,ANCAP*
2016-04-28,53,1044,129317,MVOTMA*
2016-06-07,54,9913,130250,MEC*
2016-06-07,55,9913,130084,MEC*
2015-12-08,56,9913,127780,MVOTMA*
2019-03-25,57,11524,143018,MVOTMA*
2019-03-25,58,11524,143022,MTOP*
2019-02-27,59,11524,142517,MIEM*
2019-02-27,60,11524,142519,MVOTMA*
2019-02-21,61,11524,142506,OSE*
2019-02-21,62,11524,142505,DINAMA*
2019-02-21,63,11524,142508,MGAP*
2019-02-21,64,11524,142507,MSP*
2018-12-17,65,11524,142217,BPS*
2018-11-26,66,11524,141957,MSP*
2018-10-30,67,11524,141706,AFE*
2018-10-03,68,11524,141444,DINAMA*
2018-10-02,69,11524,141426,MSP*
2018-09-13,70,11524,141238,MVOTMA*
2018-08-10,71,11524,140757,MIEM*
2018-08-10,72,11524,140757,AUTORIDAD REGULADORA NACIONAL RADIOPROTECCION
2018-07-03,73,11524,140342,COMISION NACIONAL HONORARIA ZOONOSIS
2018-06-29,74,11524,140280,MSP*
2018-06-29,75,11524,140282,COTRYBA*
2018-06-07,76,11524,140040,OSE*
2018-06-05,77,11524,139973,ASSE*
2018-05-23,78,11524,139822,MVOTMA*
2018-05-23,79,11524,139824,MVOTMA*
2018-05-18,80,11524,139784,INC*
2017-11-22,81,11524,137687,MGAP*
2017-08-31,82,11524,136458,ANEP*
2017-08-31,83,11524,136461,MGAP*
2017-08-29,84,11524,136428,ANEP*
2017-08-29,85,11524,136430,OSE*
2017-08-29,86,11524,136431,DINAGUA*
2017-07-13,87,11524,135720,MEC*
2017-06-21,88,11524,135355,MVOTMA*
2017-06-21,89,11524,135356,MDN*
2017-06-21,90,11524,135357,MTSS*
2017-06-06,91,11524,135131,MGAP*
2017-05-16,92,11524,134868,MVOTMA*
2017-05-11,93,11524,134808,ANCAP*
2017-05-11,94,11524,134808,INC*
2016-12-06,95,11524,133046,MIEM*
2016-12-06,96,11524,133047,MTSS*
2016-12-06,97,11524,133049,DNA*
2016-11-23,98,11524,132830,DINAMA*
2017-07-26,99,9900,135905,ONSC*
2017-07-24,100,9900,135884,CORTE ELECTORAL
2019-02-11,101,8267,142481,MGAP*
2018-12-19,102,5131,142262,OSE*
2018-12-19,103,5131,142264,MVOTMA*
2018-12-19,104,5131,142265,MSP*
2018-12-13,105,5131,142177,PNN*
2018-12-13,106,5131,142176,MSP*
2018-12-13,107,5131,142179,DINAMA*
2018-12-13,108,5131,142178,ANCAP*
2018-12-13,109,5131,142175,OSE*
2018-12-13,110,5131,142174,MGAP*
2017-10-02,111,5131,136804,OSE*
2017-10-02,112,5131,136804,MGAP*
2017-10-02,113,5131,136804,MVOTMA*
2017-10-02,114,5131,136804,PNN*
2016-05-10,115,5131,129568,ASSE*
2016-05-03,116,5131,129417,ASSE*
2016-03-02,117,5131,128467,MSP*
2015-07-23,118,5131,125597,MSP*
2015-07-08,119,5131,125370,MSP*
2017-07-26,120,414,135905,ONSC*
2019-03-19,121,922,142934,DINAMA*
2018-08-22,122,922,140941,MVOTMA*
2018-08-14,123,922,140790,MTOP*
2018-07-03,124,922,140336,ANP*
2018-06-20,125,922,140174,ANV*
2018-06-11,126,922,140071,MTOP*
2018-05-15,127,922,139702,MEF*
2018-05-08,128,922,139573,MGAP*
2018-05-02,129,922,139486,ANTEL*
2018-05-02,130,922,139487,ANTEL*
2018-05-02,131,922,139488,ANTEL*
2018-04-03,132,922,139045,MINISTERIO INTERIOR
2018-03-21,133,922,138978,MTOP*
2018-03-21,134,922,138978,AFE*
2018-03-21,135,922,138978,ANP*
2018-03-21,136,922,138979,INDA*
2018-03-20,137,922,138952,MTOP*
2018-03-20,138,922,138955,MIDES*
2018-03-12,139,922,138838,ANCAP*
2018-03-07,140,922,138765,DINAMA*
2018-03-05,141,922,138617,MRREE*
2018-03-03,142,922,138694,FISCALIA GENERAL NACION
2018-02-19,143,922,138436,MGAP*
2018-02-19,144,922,138436,INC*
2018-02-09,145,922,138437,MINISTERIO INTERIOR
2017-10-02,146,922,136808,ANCAP*
2017-09-13,147,922,136639,MINISTERIO INTERIOR
2017-09-12,148,922,136594,MTOP*
2017-04-18,149,922,134382,MIEM*
2017-03-27,150,922,134143,MINISTERIO INTERIOR
2017-03-22,151,922,134035,BROU*
2017-03-13,152,922,133826,MEC*
2017-03-07,153,922,133750,MTOP*
2017-03-07,154,922,133750,MVOTMA*
2017-03-07,155,922,133750,OPP*
2017-02-14,156,922,133585,ANP*
2017-02-07,157,922,133573,MINISTERIO INTERIOR
2017-02-02,158,922,133563,MIDES*
2016-12-19,159,922,133217,MINISTERIO INTERIOR
2016-12-19,160,922,133217,MRREE*
2016-11-30,161,922,132927,ANCAP*
2016-11-30,162,922,132927,MIEM*
2016-11-21,163,922,132760,MRREE*
2016-11-15,164,922,132693,ASSE*
2016-11-15,165,922,132681,MEF*
2016-11-15,166,922,132713,MEF*
2016-11-15,167,922,132708,BROU*
2019-04-12,168,10003,143212,MEVIR*
2019-04-12,169,10003,143212,BHU*
2019-04-12,170,10003,143212,MVOTMA*
2019-04-12,171,10003,143212,MIDES*
2019-04-12,172,10003,143212,ANV*
2019-04-12,173,10003,143216,CODICEN* (ANEP)
2019-04-12,174,10003,143216,ANEP*
2018-10-03,175,10003,141458,UDELAR*
2018-10-03,176,10003,141458,MEF*
2018-10-03,177,10003,141458,BCU*
2018-10-03,178,10003,141458,BHU*
2018-10-03,179,10003,141458,BROU*
2018-10-03,180,10003,141458,BSE*
2018-10-03,181,10003,141458,MINISTERIO INTERIOR
2018-10-03,182,10003,141458,MRREE*
2018-10-03,183,10003,141458,ANTEL*
2018-10-03,184,10003,141458,MTOP*
2018-10-03,185,10003,141458,AFE*
2018-10-03,186,10003,141458,ANP*
2018-10-03,187,10003,141458,OSE*
2018-10-03,188,10003,141458,ANCAP*
2018-10-03,189,10003,141458,UTE*
2018-10-03,190,10003,141458,BPS*
2018-10-03,191,10003,141458,ASSE*
2018-10-03,192,10003,141458,MGAP*
2018-10-03,193,10003,141458,INC*
2018-10-03,194,10003,141458,MINISTERIO TURISMO
2018-10-03,195,10003,141458,INAU*
2018-10-03,196,10003,141458,MEC*
2018-10-03,197,10003,141458,ONSC*
2018-10-03,198,10003,141458,MVOTMA*
2018-10-03,199,10003,141458,ANEP*
2018-10-03,200,10003,141458,OPP*
2018-10-03,201,10003,141458,ANC*
2018-10-03,202,10003,141458,MSP*
2018-10-03,203,10003,141458,MTSS*
2018-10-03,204,10003,141458,MDN*
2018-10-03,205,10003,141458,MIEM*
2018-10-03,206,10003,141458,JUTEP*
2018-10-03,207,10003,141458,MIDES*
2018-10-03,208,10003,141458,ANV*
2018-10-03,209,10003,141458,UTEC*
2018-10-03,210,10003,141458,INUMET*
2018-10-03,211,10003,141458,FISCALIA GENERAL NACION
2018-10-03,212,10003,141458,INISA*
2018-08-02,213,10003,140680,BROU*
2018-08-02,214,10003,140680,DGI*
2018-04-03,215,10003,139090,DIRECCION NACIONAL LOTERIAS Y QUINIELAS
2018-03-19,216,10003,138939,ANEP*
2016-06-09,217,10003,130524,ONSC*
2015-07-07,218,10003,125359,MTSS*
2015-06-03,219,10003,124900,MSP*
2015-06-02,220,10003,124897,MSP*
2019-04-02,221,598,143078,DGI*
2019-02-26,222,598,142515,TRIBUNAL CUENTAS
2018-10-05,223,598,141479,MEF*
2018-10-05,224,598,141479,MTOP*
2018-10-05,225,598,141479,OPP*
2018-10-02,226,598,141415,MINISTERIO INTERIOR
2018-08-21,227,598,140929,ANTEL*
2018-08-21,228,598,140929,ANCAP*
2018-08-21,229,598,140929,UTE*
2018-08-21,230,598,140929,BPS*
2018-08-21,231,598,140929,ONSC*
2018-06-21,232,598,140187,MSP*
2018-06-06,233,598,140013,MTSS*
2018-05-29,234,598,139905,ANTEL*
2018-03-13,235,598,138857,MEF*
2018-03-13,236,598,138857,OPP*
2017-10-03,237,598,136834,MVOTMA*
2017-09-13,238,598,136640,AFE*
2017-07-26,239,598,135903,MTOP*
2017-05-31,240,598,135046,MTOP*
2017-05-31,241,598,135047,OSE*
2016-12-13,242,598,133136,MINISTERIO INTERIOR
2016-11-30,243,598,132926,MDN*
2015-11-04,244,598,127180,BPS*
2015-08-18,245,598,126059,SODRE*
2015-08-18,246,598,126063,ANTEL*
2017-07-26,247,277,135905,ONSC*
2017-07-24,248,277,135884,CORTE ELECTORAL
2019-05-07,249,6900,143426,BPS*
2019-04-03,250,6900,143137,MINISTERIO INTERIOR
2019-04-03,251,6900,143137,ASSE*
2019-04-03,252,6900,143137,MEC*
2019-04-03,253,6900,143137,MSP*
2019-04-03,254,6900,143137,MDN*
2019-04-03,255,6900,143137,HOSPITAL CLINICAS DR. MANUEL QUINTELA
2018-12-17,256,6900,142247,DINAMA*
2018-12-17,257,6900,142209,PNN*
2018-12-17,258,6900,142246,MTOP*
2018-10-04,259,6900,141472,ASSE*
2018-10-04,260,6900,141472,MSP*
2018-09-24,261,6900,141349,MSP*
2018-06-05,262,6900,139961,MDN*
2018-06-05,263,6900,139963,MINISTERIO INTERIOR
2018-05-15,264,6900,139701,CETP*
2018-05-03,265,6900,139536,MGAP*
2017-12-14,266,6900,137934,ASSE*
2017-11-14,267,6900,137551,FACULTAD CIENCIAS
2017-10-19,268,6900,137166,UTE*
2017-10-03,269,6900,136928,BSE*
2017-08-08,270,6900,136174,MDN*
2017-06-29,271,6900,135486,MINISTERIO INTERIOR
2017-06-06,272,6900,135138,MGAP*
2017-06-06,273,6900,135138,DINARA*
2017-03-13,274,6900,133866,CODICEN* (ANEP)
2017-03-13,275,6900,133867,MVOTMA*
2016-12-29,276,6900,133367,BROU*
2016-09-13,277,6900,131640,UTE*
2016-06-14,278,6900,130230,MEF*
2016-04-12,279,6900,129094,DGI*
2016-04-12,280,6900,129094,CODICEN* (ANEP)
2016-03-16,281,6900,128745,INC*
2015-09-01,282,6900,126323,OSE*
2015-08-10,283,6900,125868,MTOP*
2015-07-16,284,6900,125531,UTE*
2015-07-16,285,6900,125529,MVOTMA*
2018-03-06,286,7604,138649,SUPREMA CORTE JUSTICIA
2017-12-05,287,7604,137780,MTSS*
2017-10-03,288,7604,136854,MVOTMA*
2017-10-03,289,7604,136852,MIDES*
2017-10-03,290,7604,136850,MINISTERIO TURISMO
2017-10-03,291,7604,136817,MEC*
2017-10-03,292,7604,136861,ONSC*
2017-10-03,293,7604,136855,OPP*
2017-10-03,294,7604,136821,MGAP*
2017-10-03,295,7604,136820,MEF*
2017-10-03,296,7604,136819,MTSS*
2017-10-03,297,7604,136822,MTOP*
2017-10-03,298,7604,136849,MSP*
2017-10-03,299,7604,136847,MRREE*
2017-10-03,300,7604,136823,MIEM*
2017-05-10,301,8584,134764,MGAP*
2015-08-11,302,8584,125890,MIEM*
2015-06-16,303,8584,125020,ONSC*
2015-04-14,304,8584,124099,MVOTMA*
2015-04-14,305,8584,124104,MGAP*
2018-02-21,306,10209,138503,TCA*
2018-12-13,307,9969,142171,MIDES*
2018-11-06,308,9969,141746,MINISTERIO TURISMO
2018-08-03,309,5304,140688,INC*
2018-05-22,310,5304,139811,MGAP*
2018-05-22,311,5304,139812,MGAP*
2016-10-19,312,5304,132146,MGAP*
2016-06-15,313,5304,130244,UDELAR*
2016-06-15,314,5304,130244,MEF*
2016-06-15,315,5304,130244,BCU*
2016-06-15,316,5304,130244,BHU*
2016-06-15,317,5304,130244,BROU*
2016-06-15,318,5304,130244,BSE*
2016-06-15,319,5304,130244,MINISTERIO INTERIOR
2016-06-15,320,5304,130244,MRREE*
2016-06-15,321,5304,130244,ANTEL*
2016-06-15,322,5304,130244,CODICEN* (ANEP)
2016-06-15,323,5304,130244,MTOP*
2016-06-15,324,5304,130244,AFE*
2016-06-15,325,5304,130244,ANP*
2016-06-15,326,5304,130244,ANCAP*
2016-06-15,327,5304,130244,UTE*
2016-06-15,328,5304,130244,BPS*
2016-06-15,329,5304,130244,ASSE*
2016-06-15,330,5304,130244,MGAP*
2016-06-15,331,5304,130244,INC*
2016-06-15,332,5304,130244,MINISTERIO TURISMO
2016-06-15,333,5304,130244,CORTE ELECTORAL
2016-06-15,334,5304,130244,TRIBUNAL CUENTAS
2016-06-15,335,5304,130244,INAU*
2016-06-15,336,5304,130244,MEC*
2016-06-15,337,5304,130244,MVOTMA*
2016-06-15,338,5304,130244,ANEP*
2016-06-15,339,5304,130244,OPP*
2016-06-15,340,5304,130244,MSP*
2016-06-15,341,5304,130244,MTSS*
2016-06-15,342,5304,130244,MDN*
2016-06-15,343,5304,130244,MIEM*
2016-06-15,344,5304,130244,MIDES*
2016-06-15,345,5304,130244,ANV*
2016-06-15,346,5304,130244,UTEC*
2015-09-09,347,5304,126478,MGAP*
2019-05-10,348,3157,143529,MDN*
2019-05-10,349,3157,143530,MINISTERIO INTERIOR
2019-04-23,350,3157,143221,MDN*
2018-04-27,351,3157,139442,MDN*
2018-04-27,352,3157,139441,MDN*
2019-03-29,353,3948,143052,ANCAP*
2019-03-29,354,3948,143053,BPS*
2017-11-06,355,3948,137356,ANCAP*
2017-08-15,356,3948,136264,MTSS*
2017-07-17,357,3948,135781,MEF*
2017-07-17,358,3948,135783,UTE*
2017-04-07,359,3948,134378,ANCAP*
2016-07-27,360,3948,130931,INDA*
2016-07-22,361,3948,130870,MVOTMA*
2016-06-08,362,3948,130176,ANCAP*
2015-12-04,363,3948,127737,ANCAP*
2015-10-23,364,3948,127049,MEF*
2015-08-07,365,3948,125873,MSP*
2015-07-15,366,3948,125512,MGAP*
2015-06-23,367,3948,125113,ANTEL*
2019-05-07,368,9927,143422,MEF*
2018-10-10,369,9927,141518,MEF*
2018-06-05,370,9927,139976,MIEM*
2018-06-05,371,9927,139977,MIEM*
2018-06-05,372,9927,139978,MIEM*
2018-06-05,373,9927,139975,MGAP*
2018-06-05,374,9927,139960,MVOTMA*
2018-06-05,375,9927,139964,MVOTMA*
2018-06-05,376,9927,139966,MVOTMA*
2018-06-05,377,9927,139979,MIEM*
2018-06-05,378,9927,139997,OPP*
2018-06-05,379,9927,139999,MEF*
2018-06-05,380,9927,140000,MGAP*
2018-06-05,381,9927,139995,MEF*
2018-06-05,382,9927,139980,MVOTMA*
2018-06-05,383,9927,139981,MTOP*
2018-06-05,384,9927,139983,MTOP*
2018-05-16,385,9927,139761,MEF*
2018-05-16,386,9927,139762,MRREE*
2018-05-16,387,9927,139763,MIEM*
2017-12-05,388,9927,137760,MEF*
2017-10-17,389,9927,137129,MTOP*
2017-05-02,390,9927,134604,MEC*
2017-04-04,391,9927,134312,MVOTMA*
2016-12-06,392,9927,133037,MEC*
2016-11-17,393,9927,132735,MIEM*
2016-10-31,394,9927,132422,MTOP*
2016-10-31,395,9927,132424,MTOP*
2016-10-31,396,9927,132425,MTOP*
2016-10-04,397,9927,131915,MSP*
2016-10-04,398,9927,131914,MIDES*
2016-10-04,399,9927,131916,MDN*
2016-10-04,400,9927,132064,MVOTMA*
2016-10-04,401,9927,131917,MIDES*
2016-10-04,402,9927,131905,MVOTMA*
2016-10-04,403,9927,131913,MTOP*
2016-09-26,404,9927,131773,MVOTMA*
2016-09-26,405,9927,131774,SUPREMA CORTE JUSTICIA
2016-09-07,406,9927,131543,MTOP*
2017-07-24,407,11383,135884,CORTE ELECTORAL
2015-06-02,408,7737,124778,ADMINISTRACION SEGUROS SOCIALES ENFERMEDAD
2015-04-06,409,7737,123940,MINISTERIO TURISMO Y DEPORTE
2015-04-06,410,7737,123936,INE*
2015-03-10,411,7737,123764,MTOP*
2015-02-25,412,7737,123413,BROU*
2015-02-25,413,7737,123413,ANTEL*
2015-02-25,414,7737,123413,OSE*
2015-02-25,415,7737,123413,ANCAP*
2015-02-25,416,7737,123413,UTE*
2018-11-06,417,9964,141763,MSP*
2018-10-03,418,9964,141437,OPP*
2018-10-02,419,9964,141439,INSTITUTO NACIONAL MUJERES
2018-09-13,420,9964,141236,MVOTMA*
2018-09-04,421,9964,141122,MVOTMA*
2018-07-31,422,9964,140640,OPP*
2018-07-31,423,9964,140642,OPP*
2018-07-31,424,9964,140644,MSP*
2018-04-17,425,9964,139311,MTSS*
2018-02-08,426,9964,138396,MVOTMA*
2017-10-03,427,9964,136844,MGAP*
2017-05-11,428,9964,134807,MTOP*
2017-04-25,429,9964,134520,MIDES*
2016-10-17,430,9964,131251,MIDES*
2016-09-06,431,9964,131448,MEC*
2016-07-27,432,9964,130908,MIDES*
2016-07-27,433,9964,130916,SUPREMA CORTE JUSTICIA
2016-07-13,434,9964,130768,MIDES*
2016-07-06,435,9964,130648,MIDES*
2016-06-01,436,9964,129985,MSP*
2016-05-03,437,9964,129383,MSP*
2016-03-08,438,9964,128562,MIDES*
2016-03-06,439,9964,128939,OPP*
2015-10-11,440,9964,126907,MIEM*
2015-03-17,441,9964,123753,MSP*
2015-03-17,442,9964,123753,MIDES*
2015-03-10,443,9964,123596,MTSS*
2017-10-11,444,11525,137059,MEF*
2016-11-15,445,11525,132686,MEF*
2016-07-05,446,11525,130563,MEC*
2016-07-05,447,11525,130600,SUPREMA CORTE JUSTICIA
2017-06-22,448,260,135403,MVOTMA*
2016-10-31,449,260,132420,MSP*
2016-10-31,450,260,132421,MSP*
2016-10-18,451,260,132119,MTOP*
2016-10-18,452,260,132120,MTOP*
2016-10-18,453,260,132122,MTOP*
2016-05-03,454,260,129371,MEF*
2016-04-12,455,260,129075,MIEM*
2016-03-16,456,260,128904,MINISTERIO INTERIOR
2015-08-21,457,260,126143,MEF*
2015-08-11,458,260,125889,MEF*
2015-08-11,459,260,125892,TRIBUNAL CUENTAS
2015-08-11,460,260,125893,MINISTERIO INTERIOR
2015-06-18,461,260,125085,MTOP*
2019-04-29,462,2965,143294,MTOP*
2019-04-12,463,2965,143209,INAU*
2019-04-04,464,2965,143116,MDN*
2019-02-11,465,2965,142482,MRREE*
2018-12-05,466,2965,142087,MEF*
2018-12-05,467,2965,142087,MINISTERIO INTERIOR
2018-12-05,468,2965,142087,MDN*
2018-11-13,469,2965,141838,MSP*
2018-07-31,470,2965,140639,MDN*
2018-06-12,471,2965,140083,MINISTERIO INTERIOR
2018-06-11,472,2965,140073,FISCALIA GENERAL NACION
2018-05-08,473,2965,139586,DIRECCION GENERAL CASINOS
2018-03-19,474,2965,138937,ANEP*
2018-03-13,475,2965,138868,ANEP*
2017-10-09,476,2965,136985,MSP*
2017-07-24,477,2965,135879,DIRECCION NACIONAL HIDROGRAFIA
2017-07-24,478,2965,135879,DINARA*
2017-07-10,479,2965,135639,MDN*
2017-05-30,480,2965,135025,ARMADA NACIONAL
2017-05-30,481,2965,135025,MRREE*
2017-05-30,482,2965,135025,ANP*
2017-05-30,483,2965,135025,MGAP*
2017-05-05,484,2965,134691,DNA*
2017-05-05,485,2965,134691,MINISTERIO INTERIOR
2017-05-05,486,2965,134691,MDN*
2017-04-26,487,2965,134562,MDN*
2017-02-07,488,2965,133574,ANCAP*
2017-01-31,489,2965,133535,DIRECCION NACIONAL BOMBEROS
2016-11-30,490,2965,132926,MDN*
2016-08-23,491,2965,131337,MDN*
2016-08-03,492,2965,131040,MSP*
2016-05-23,493,2965,129826,DIRECCION NACIONAL BOMBEROS
2016-05-09,494,2965,129517,MINISTERIO INTERIOR
2016-04-25,495,2965,129276,UTU*
2016-04-19,496,2965,129198,ASSE*
2016-04-14,497,2965,129177,MEC*
2016-03-08,498,2965,128616,MDN*
2016-02-11,499,2965,128309,MINISTERIO INTERIOR
2016-02-11,500,2965,128311,MDN*
2015-12-28,501,2965,128001,ASSE*
2015-10-19,502,2965,127018,ASSE*
2015-08-27,503,2965,126195,BROU*
2015-08-18,504,2965,126056,MEF*
2015-05-22,505,2965,124650,MEF*
2015-05-22,506,2965,124650,MDN*
2015-05-15,507,2965,124570,ANEP*
2015-05-15,508,2965,124570,MSP*
2015-03-17,509,2965,123767,MGAP*
2015-03-17,510,2965,123767,MSP*
2018-08-02,511,197,140681,MGAP*
2018-06-14,512,197,140156,MEC*
2018-04-03,513,197,139070,MTOP*
2018-02-21,514,197,138487,MIEM*
2017-12-19,515,197,137968,MSP*
2016-09-01,516,197,131421,MTOP*
2015-03-23,517,197,123870,ANP*
2019-02-01,518,5167,142456,MTOP*
2018-11-22,519,5167,141948,OSE*
2018-10-31,520,5167,141709,ANEP*
2018-10-22,521,5167,141601,INISA*
2018-08-13,522,5167,140776,MRREE*
2018-08-03,523,5167,140687,INDA*
2018-07-16,524,5167,140518,MTSS*
2018-07-10,525,5167,140439,MGAP*
2018-07-02,526,5167,140314,MINISTERIO TURISMO
2018-06-21,527,5167,140190,MRREE*
2018-06-07,528,5167,140044,MRREE*
2018-06-02,529,5167,140313,MVOTMA*
2018-05-14,530,5167,139698,MINISTERIO TURISMO
2018-05-14,531,5167,139696,MRREE*
2018-05-14,532,5167,139699,SECRETARIA NACIONAL DEPORTE
2018-05-08,533,5167,139708,MTSS*
2018-01-30,534,5167,138215,MINISTERIO INTERIOR
2017-09-14,535,5167,136690,ANP*
2017-07-03,536,5167,135525,MGAP*
2017-06-27,537,5167,135462,MINISTERIO INTERIOR
2017-06-27,538,5167,135463,MINISTERIO INTERIOR
2017-06-27,539,5167,135461,MINISTERIO INTERIOR
2017-05-30,540,5167,135025,ARMADA NACIONAL
2017-05-30,541,5167,135025,MRREE*
2017-05-30,542,5167,135025,ANP*
2017-05-30,543,5167,135025,MGAP*
2017-05-08,544,5167,134794,SUPREMA CORTE JUSTICIA
2017-05-08,545,5167,134798,MINISTERIO INTERIOR
2017-05-02,546,5167,134640,MGAP*
2017-04-25,547,5167,134515,MINISTERIO INTERIOR
2017-04-24,548,5167,134499,INSPECCION TRABAJO Y SEGURIDAD SOCIAL (GENERAL)
2017-04-24,549,5167,134501,MIEM*
2017-03-23,550,5167,134096,POLICIA CAMINERA
2017-03-14,551,5167,133871,MINISTERIO INTERIOR
2017-03-07,552,5167,133800,INSPECCION TRABAJO Y SEGURIDAD SOCIAL (GENERAL)
2017-03-07,553,5167,133761,DIRECCION NACIONAL BOMBEROS
2017-03-07,554,5167,133799,MDN*
2017-02-21,555,5167,133668,MINISTERIO INTERIOR
2017-02-15,556,5167,133652,OSE*
2017-02-02,557,5167,133561,MINISTERIO INTERIOR
2017-02-02,558,5167,133562,SUPREMA CORTE JUSTICIA
2016-10-26,559,5167,132281,MINISTERIO INTERIOR
2016-10-03,560,5167,131893,ANV*
2017-07-26,561,10001,135905,ONSC*
2017-07-24,562,10001,135884,CORTE ELECTORAL
2019-04-03,563,7740,143091,OPP*
2018-12-05,564,7740,142068,MINISTERIO INTERIOR
2018-12-05,565,7740,142071,MVOTMA*
2018-11-06,566,7740,141764,MSP*
2018-11-06,567,7740,141751,MEF*
2018-11-06,568,7740,141761,MIDES*
2018-10-02,569,7740,141412,MTOP*
2018-10-02,570,7740,141422,MVOTMA*
2018-07-10,571,7740,140431,SUPREMA CORTE JUSTICIA
2018-05-09,572,7740,139613,MEF*
2018-05-09,573,7740,139627,MIDES*
2018-05-09,574,7740,139628,ONSC*
2018-04-03,575,7740,139035,MGAP*
2018-04-03,576,7740,139058,MSP*
2018-04-03,577,7740,139065,MINISTERIO INTERIOR
2017-09-05,578,7740,136485,MINISTERIO INTERIOR
2017-09-05,579,7740,136486,MVOTMA*
2017-08-15,580,7740,136257,MSP*
2017-08-15,581,7740,136254,MGAP*
2017-08-15,582,7740,136254,MEC*
2017-08-15,583,7740,136254,MVOTMA*
2017-08-15,584,7740,136254,MSP*
2017-08-15,585,7740,136259,MEC*
2017-08-15,586,7740,136258,MGAP*
2017-06-22,587,7740,135371,MINISTERIO INTERIOR
2017-06-07,588,7740,135167,MEC*
2017-06-06,589,7740,135093,MTOP*
2017-05-02,590,7740,134617,MTSS*
2017-03-28,591,7740,134186,MIEM*
2017-03-28,592,7740,134176,MTSS*
2017-03-28,593,7740,134189,MEC*
2017-03-28,594,7740,134188,MINISTERIO TURISMO
2017-03-15,595,7740,133900,MEC*
2016-09-06,596,7740,131469,MIEM*
2016-03-10,597,7740,128639,BPS*
2016-03-10,598,7740,128639,INEFOP*
2015-11-17,599,7740,127415,MEC*
2015-11-04,600,7740,127185,MEF*
2015-11-04,601,7740,127185,MEC*
2015-11-04,602,7740,127185,OPP*
2015-11-04,603,7740,127185,MSP*
2015-11-04,604,7740,127185,MTSS*
2015-11-04,605,7740,127185,MIDES*
2018-10-09,606,4500,141500,MINISTERIO INTERIOR
2018-10-09,607,4500,141504,MDN*
2018-05-03,608,4500,139526,UTE*
2017-07-04,609,4500,135547,FACULTAD CIENCIAS
2017-05-15,610,4500,134829,MTOP*
2017-05-15,611,4500,134829,AFE*
2017-05-05,612,4500,134689,MVOTMA*
2017-05-05,613,4500,134688,MEF*
2017-05-05,614,4500,134687,MTOP*
2017-05-03,615,4500,134649,MIDES*
2017-03-13,616,4500,133832,MINISTERIO INTERIOR
2017-03-13,617,4500,133834,ANEP*
2016-08-24,618,4500,131342,ANCAP*
2016-05-04,619,4500,129454,MINISTERIO INTERIOR
2016-05-04,620,4500,129455,MIDES*
2016-03-10,621,4500,128632,ANEP*
2015-10-07,622,4500,126864,ANCAP*
2015-09-15,623,4500,126631,ANEP*
2018-09-19,624,2873,141310,MIEM*
2018-09-04,625,2873,141086,MTSS*
2018-07-31,626,2873,140650,MINISTERIO INTERIOR
2018-06-05,627,2873,139984,MEC*
2018-06-05,628,2873,140339,MEC*
2018-05-08,629,2873,139580,MIEM*
2018-03-07,630,2873,138759,MEC*
2018-03-07,631,2873,138757,CORTE ELECTORAL
2018-03-07,632,2873,138774,MIEM*
2018-03-07,633,2873,138772,MRREE*
2017-12-20,634,2873,137989,CORTE ELECTORAL
2017-11-07,635,2873,137371,MIEM*
2017-11-07,636,2873,137382,MIEM*
2017-11-07,637,2873,137393,MVOTMA*
2017-11-01,638,2873,137284,MVOTMA*
2017-06-13,639,2873,135232,TRIBUNAL CUENTAS
2017-06-13,640,2873,135228,MVOTMA*
2017-06-13,641,2873,135237,TRIBUNAL CUENTAS
2017-06-13,642,2873,135235,MIEM*
2017-03-28,643,2873,134159,MGAP*
2017-03-28,644,2873,134158,MINISTERIO INTERIOR
2017-03-28,645,2873,134156,MRREE*
2017-03-28,646,2873,134167,OPP*
2017-03-28,647,2873,134162,MIEM*
2017-03-28,648,2873,134160,MEC*
2017-03-28,649,2873,134148,MVOTMA*
2017-03-28,650,2873,134146,MIEM*
2017-03-28,651,2873,134149,MINISTERIO TURISMO
2017-03-28,652,2873,134152,MSP*
2017-03-28,653,2873,134151,MTOP*
2017-03-07,654,2873,133739,MINISTERIO INTERIOR
2017-02-15,655,2873,133645,MEC*
2016-11-17,656,2873,132734,CORTE ELECTORAL
2016-11-16,657,2873,132722,MRREE*
2016-11-16,658,2873,132720,MRREE*
2016-11-16,659,2873,132726,MTOP*
2016-11-16,660,2873,132721,MRREE*
2016-11-08,661,2873,132535,MINISTERIO INTERIOR
2016-10-31,662,2873,132393,MRREE*
2016-10-31,663,2873,132400,MEF*
2018-09-18,664,6839,141283,MEC*
2017-12-06,665,6839,137815,MRREE*
2017-10-10,666,6839,137006,MVOTMA*
2017-10-10,667,6839,137004,MEF*
2017-07-24,668,6839,135846,MINISTERIO INTERIOR
2018-12-04,669,408,142059,FISCALIA GENERAL NACION
2015-11-13,670,408,127380,CORTE ELECTORAL
2019-03-25,671,327,143024,MRREE*
2019-03-25,672,327,143024,MIEM*
2018-12-20,673,327,142238,TRIBUNAL CUENTAS
2018-12-18,674,327,142225,ANCAP*
2018-12-13,675,327,142167,MEF*
2018-12-13,676,327,142168,ANTEL*
2018-08-17,677,327,140898,MTOP*
2018-07-05,678,327,140392,ASSE*
2018-06-28,679,327,140255,MIEM*
2018-06-28,680,327,140256,MIDES*
2018-04-02,681,327,139030,MINISTERIO INTERIOR
2018-03-21,682,327,138961,MEC*
2018-03-21,683,327,138968,MTOP*
2018-03-01,684,327,138593,DIRECCION NACIONAL MIGRACION
2018-03-01,685,327,138594,DNA*
2018-03-01,686,327,138595,DINACIA*
2018-02-21,687,327,138499,AFE*
2018-02-14,688,327,138426,COMANDO EJERCITO (GENERAL)
2017-10-04,689,327,136908,OSE*
2017-09-26,690,327,136768,ANTEL*
2017-08-16,691,327,136285,ANCAP*
2017-07-17,692,327,135784,ANCAP*
2017-07-17,693,327,135784,MIEM*
2017-07-12,694,327,135706,ANEP*
2017-07-12,695,327,135676,ANCAP*
2017-06-26,696,327,135438,ANCAP*
2017-06-22,697,327,135370,MEF*
2017-06-22,698,327,135373,MVOTMA*
2017-06-12,699,327,135216,ANCAP*
2017-02-20,700,327,133665,MINISTERIO INTERIOR
2017-02-14,701,327,133592,ANCAP*
2016-12-19,702,327,133207,MVOTMA*
2016-12-09,703,327,133112,MTOP*
2016-11-22,704,327,132774,MEF*
2016-11-17,705,327,132749,ANCAP*
2016-11-08,706,327,132527,TELEVISION NACIONAL DEL URUGUAY
2016-10-28,707,327,132377,UDELAR*
2016-10-05,708,327,131978,MEF*
2016-09-26,709,327,131830,MEF*
2016-09-16,710,327,131691,DGI*
2016-09-13,711,327,131622,ANEP*
2016-08-16,712,327,131239,ANCAP*
2019-04-10,713,9897,143188,MSP*
2019-04-10,714,9897,143188,JUNASA*
2019-03-06,715,9897,142583,MVOTMA*
2019-03-06,716,9897,142585,MSP*
2018-10-16,717,9897,141562,MSP*
2018-08-15,718,9897,140835,MEF*
2018-07-31,719,9897,140628,MRREE*
2018-07-31,720,9897,140631,SUPREMA CORTE JUSTICIA
2018-07-31,721,9897,140633,MINISTERIO INTERIOR
2018-04-03,722,9897,139034,MRREE*
2018-03-06,723,9897,138712,MINISTERIO INTERIOR
2018-03-06,724,9897,138657,MINISTERIO INTERIOR
2018-03-06,725,9897,138716,MSP*
2018-03-06,726,9897,138720,MTSS*
2018-03-06,727,9897,138718,MTSS*
2017-10-03,728,9897,136963,MGAP*
2017-06-28,729,9897,135467,MDN*
2017-06-28,730,9897,135468,MDN*
2017-06-06,731,9897,135087,MSP*
2017-06-06,732,9897,135088,MTSS*
2016-09-13,733,9897,131618,MSP*
2016-09-13,734,9897,131630,MIDES*
2016-09-06,735,9897,131452,MEF*
2016-09-06,736,9897,131446,MIDES*
2016-09-06,737,9897,131456,MIDES*
2016-08-13,738,9897,131619,MEC*
2016-07-05,739,9897,130572,MIDES*
2016-07-05,740,9897,130583,MSP*
2015-08-11,741,9897,125888,OPP*
2015-08-11,742,9897,125895,OPP*
2015-07-01,743,9897,125237,MEC*
2015-07-01,744,9897,125238,MEF*
2015-07-01,745,9897,125241,MTSS*
2015-04-07,746,9897,123962,MINISTERIO TURISMO
2015-03-12,747,9897,123759,MVOTMA*
2017-07-26,748,423,135905,ONSC*
2016-10-24,749,423,132263,MEC*
2015-07-30,750,423,125698,BPS*
2017-07-04,751,7751,135544,MEF*
2015-08-04,752,2945,125831,MIDES*
2015-07-21,753,2945,125568,BPS*
2015-07-06,754,2945,125310,MSP*
2015-05-13,755,2945,124526,MSP*
2015-05-13,756,2945,124524,MINISTERIO INTERIOR
2015-05-11,757,2945,124438,INAU*
2015-04-20,758,2945,124216,ASSE*
2015-04-20,759,2945,124216,MSP*
2015-04-17,760,2945,124194,MTSS*
2015-04-17,761,2945,124196,MRREE*
2017-08-03,762,11537,136057,DIRECCION DEPARTAMENTAL SALUD PUBLICA
2017-08-03,763,11537,136058,MIDES*
2017-07-11,764,11537,135655,BPS*
2017-07-11,765,11537,135654,ADMINISTRACION SEGUROS SOCIALES ENFERMEDAD
2016-07-06,766,11537,130657,DIRECCION GENERAL COMERCIO
2016-07-06,767,11537,130648,MIDES*
2017-07-24,768,7769,135884,CORTE ELECTORAL
2017-07-26,769,5262,135905,ONSC*
2017-07-24,770,5262,135884,CORTE ELECTORAL
2019-03-06,771,5165,142602,MIEM*
2019-03-06,772,5165,142601,MVOTMA*
2019-03-06,773,5165,142600,MIEM*
2019-03-06,774,5165,142598,MVOTMA*
2019-03-06,775,5165,142640,MIEM*
2019-03-06,776,5165,142631,MINISTERIO TURISMO
2019-03-06,777,5165,142629,MTOP*
2019-03-06,778,5165,142632,MTSS*
2019-03-06,779,5165,142638,MINISTERIO INTERIOR
2019-03-06,780,5165,142637,MRREE*
2019-03-06,781,5165,142658,MIEM*
2019-03-06,782,5165,142649,MSP*
2019-03-06,783,5165,142659,MIEM*
2019-03-06,784,5165,142701,MTOP*
2019-03-06,785,5165,142700,MVOTMA*
2019-03-06,786,5165,142644,MEC*
2019-03-06,787,5165,142641,MGAP*
2019-03-06,788,5165,142645,MEF*
2019-03-06,789,5165,142648,MDN*
2019-03-06,790,5165,142647,MIDES*
2019-03-06,791,5165,142628,MVOTMA*
2019-03-06,792,5165,142595,MEF*
2019-03-06,793,5165,142596,MEF*
2019-03-06,794,5165,142594,MEF*
2019-03-06,795,5165,142617,MEF*
2019-03-06,796,5165,142593,MEF*
2019-03-06,797,5165,142702,MEC*
2019-03-06,798,5165,142624,MSP*
2019-03-06,799,5165,142616,MEF*
2019-03-06,800,5165,142613,MEF*
2019-03-06,801,5165,142614,MEF*
2018-03-06,802,5165,138648,ONSC*
2018-03-06,803,5165,138663,MINISTERIO INTERIOR
2017-08-03,804,5165,136044,MSP*
2017-04-04,805,5165,134305,MVOTMA*
2016-05-03,806,5165,129363,MTOP*
2015-12-15,807,5165,127904,MVOTMA*
2015-06-03,808,5165,124795,MIEM*
2017-07-26,809,11523,135905,ONSC*
2017-07-24,810,11523,135884,CORTE ELECTORAL
2017-03-10,811,11523,133817,DGI*
2016-12-28,812,11523,133358,COMISION NACIONAL HONORARIA ZOONOSIS
2016-12-28,813,11523,133358,COMISION NACIONAL HONORARIA TENENCIA RESPONSABLE Y BIENESTAR ANIMAL
2016-10-11,814,11536,132042,DIRECCION NACIONAL BOMBEROS
2016-10-11,815,11536,132041,MVOTMA*
2016-10-11,816,11536,132044,MIDES*
2016-10-11,817,11536,132045,UTE*
2016-07-06,818,11536,130648,MIDES*
2016-05-19,819,11536,129797,DIRECCION NACIONAL BOMBEROS
2016-05-18,820,11536,129727,MEC*
2015-11-17,821,11536,127471,MIDES*
2017-07-26,822,2903,135905,ONSC*
2017-07-24,823,2903,135884,CORTE ELECTORAL
2015-07-29,824,2903,125693,MTOP*
2017-07-05,825,7766,135575,ANEP*
2017-03-14,826,7766,133865,DINAMA*
2016-06-01,827,7766,130002,MRREE*
2015-08-12,828,7766,125928,DIRECCION GENERAL CASINOS
2015-08-10,829,7766,125870,INAVI*
2015-08-10,830,7766,125872,INAVI*
2015-03-03,831,2912,123482,MSP*
2017-07-26,832,898,135905,ONSC*
2017-07-26,833,5246,135905,ONSC*
2017-07-24,834,5246,135884,CORTE ELECTORAL
2017-04-19,835,5246,134430,CORTE ELECTORAL
2017-07-26,836,3238,135905,ONSC*
2017-07-24,837,3238,135884,CORTE ELECTORAL
2018-11-13,838,196,141824,MEF*
2018-06-12,839,196,140105,MIDES*
2018-06-05,840,196,140002,MVOTMA*
2018-03-13,841,196,138847,MINISTERIO INTERIOR
2018-03-07,842,196,138776,MEC*
2018-03-06,843,196,138677,MINISTERIO INTERIOR
2017-08-15,844,196,136260,MVOTMA*
2016-12-06,845,196,133029,MEF*
2016-12-06,846,196,133029,MGAP*
2016-12-06,847,196,133029,MIEM*
2016-08-16,848,196,131230,MINISTERIO INTERIOR
2016-07-05,849,196,130607,MTOP*
2016-04-12,850,196,129069,MINISTERIO INTERIOR
2015-11-03,851,196,127138,MINISTERIO INTERIOR
2019-05-14,852,3062,143597,MSP*
2019-03-12,853,3062,142710,MRREE*
2019-03-06,854,3062,142676,MEC*
2019-03-06,855,3062,142684,MIEM*
2019-01-21,856,3062,142337,UTE*
2018-11-06,857,3062,141748,MIEM*
2018-10-02,858,3062,141410,MIEM*
2018-09-19,859,3062,141311,MIEM*
2018-08-14,860,3062,140788,MIEM*
2018-07-31,861,3062,140629,MIEM*
2018-07-31,862,3062,140630,MIEM*
2018-07-03,863,3062,140343,MINISTERIO INTERIOR
2018-07-03,864,3062,140344,MIEM*
2018-07-03,865,3062,140345,MIEM*
2018-05-02,866,3062,139518,MINISTERIO INTERIOR
2018-04-04,867,3062,139127,MIEM*
2018-04-03,868,3062,139054,MEC*
2018-04-03,869,3062,139041,MIEM*
2018-04-03,870,3062,139058,MSP*
2018-04-03,871,3062,139065,MINISTERIO INTERIOR
2018-04-03,872,3062,139060,MTSS*
2018-03-06,873,3062,138650,MIDES*
2018-03-06,874,3062,138654,MINISTERIO INTERIOR
2018-03-06,875,3062,138699,MDN*
2018-02-07,876,3062,138363,MINISTERIO INTERIOR
2018-02-07,877,3062,138355,MINISTERIO INTERIOR
2018-02-07,878,3062,138368,MIEM*
2018-02-07,879,3062,138394,MIEM*
2017-12-20,880,3062,137990,MIEM*
2017-11-01,881,3062,137286,TRIBUNAL CUENTAS
2017-11-01,882,3062,137287,MDN*
2017-11-01,883,3062,137323,MIEM*
2017-10-18,884,3062,137138,MEC*
2017-10-03,885,3062,136879,MTSS*
2017-10-03,886,3062,136920,MIEM*
2017-10-03,887,3062,136934,MEC*
2017-09-12,888,3062,136589,MIEM*
2017-08-16,889,3062,136288,MTSS*
2017-04-18,890,3062,134408,MVOTMA*
2017-03-28,891,3062,134200,MINISTERIO INTERIOR
2018-12-20,892,12369,142233,MVOTMA*
2018-08-14,893,12369,140792,TRIBUNAL CUENTAS
2019-05-07,894,3959,143479,MVOTMA*
2018-11-13,895,3959,141825,MEC*
2018-09-18,896,3959,141287,MINISTERIO INTERIOR
2018-09-05,897,3959,141141,MEC*
2018-06-26,898,3959,140229,MVOTMA*
2018-06-26,899,3959,140219,MIEM*
2018-06-26,900,3959,140227,MSP*
2018-05-30,901,3959,139985,MINISTERIO INTERIOR
2018-04-03,902,3959,139094,MEF*
2018-04-03,903,3959,139096,MRREE*
2018-03-13,904,3959,138862,MINISTERIO INTERIOR
2018-03-07,905,3959,138767,MVOTMA*
2018-03-07,906,3959,138791,MVOTMA*
2018-03-06,907,3959,138708,MEF*
2018-03-06,908,3959,138711,MGAP*
2018-02-07,909,3959,138348,MIEM*
2018-02-07,910,3959,138350,MVOTMA*
2017-11-14,911,3959,137528,MTSS*
2017-11-14,912,3959,137527,MTSS*
2017-11-14,913,3959,137530,SUPREMA CORTE JUSTICIA
2017-11-14,914,3959,137557,MTOP*
2017-11-14,915,3959,137531,MIDES*
2017-10-17,916,3959,137100,MVOTMA*
2017-10-17,917,3959,137101,MIEM*
2017-10-17,918,3959,137102,MGAP*
2017-10-10,919,3959,136998,MINISTERIO INTERIOR
2017-10-04,920,3959,136905,MINISTERIO INTERIOR
2017-10-04,921,3959,136906,MEC*
2017-08-16,922,3959,136286,MTOP*
2017-07-04,923,3959,135536,MINISTERIO INTERIOR
2017-06-28,924,3959,135474,MVOTMA*
2017-06-06,925,3959,135118,MVOTMA*
2017-05-16,926,3959,134843,MSP*
2017-05-09,927,3959,134726,MTSS*
2017-05-09,928,3959,134728,MEC*
2017-03-28,929,3959,134223,MEF*
2016-12-06,930,3959,133009,MIDES*
2016-09-26,931,3959,131783,MEF*
2016-09-26,932,3959,131783,MGAP*
2016-09-26,933,3959,131783,MSP*
2016-09-26,934,3959,131784,MEC*
2016-06-07,935,3959,130251,MEF*
2017-11-14,936,11813,137553,MEC*
2015-07-01,937,11813,125244,MTOP*
2018-12-04,938,11699,142041,SUPREMA CORTE JUSTICIA
2018-09-04,939,11593,141092,OPP*
2018-03-07,940,11593,138756,MINISTERIO INTERIOR
2018-03-06,941,11593,138672,MINISTERIO INTERIOR
2017-11-15,942,11593,137566,MDN*
2017-06-22,943,11593,135411,MIDES*
2017-06-13,944,11593,135244,MSP*
2017-06-06,945,11593,135100,MIDES*
2017-05-02,946,11593,134602,OPP*
2017-05-02,947,11593,134618,MVOTMA*
2016-09-06,948,11593,131475,MTOP*
2016-09-06,949,11593,131516,MSP*
2016-07-27,950,11593,130929,MIDES*
2016-06-08,951,11593,130126,MVOTMA*
2016-06-08,952,11593,130126,MSP*
2016-05-10,953,11593,129559,MSP*
2016-05-10,954,11593,129559,MIDES*
2016-05-10,955,11593,129560,MSP*
2016-05-03,956,11593,129393,MVOTMA*
2016-04-13,957,11593,129120,MIEM*
2016-04-05,958,11593,128914,MTOP*
2016-03-15,959,11593,128700,MTOP*
2016-03-15,960,11593,128700,MEC*
2016-03-15,961,11593,128702,MEF*
2016-02-24,962,11593,128370,MTOP*
2016-02-24,963,11593,128370,MVOTMA*
2015-12-01,964,11593,127662,MEF*
2015-11-04,965,11593,127190,MEF*
2015-11-03,966,11593,127145,MSP*
2015-10-06,967,11593,126817,MTOP*
2015-10-06,968,11593,126826,MEF*
2015-10-06,969,11593,126828,MEF*
2015-07-01,970,11593,125242,MTOP*
2015-06-01,971,11593,124722,MSP*
2015-06-01,972,11593,124729,MTOP*
2015-03-10,973,11593,123591,MTOP*
2015-08-18,974,5851,126043,MIEM*
2019-03-06,975,9953,142556,MVOTMA*
2019-03-06,976,9953,142561,MSP*
2018-11-14,977,9953,141850,MGAP*
2018-09-18,978,9953,141284,MEC*
2018-09-18,979,9953,141286,MSP*
2018-09-04,980,9953,141094,MINISTERIO INTERIOR
2018-09-04,981,9953,141098,MVOTMA*
2018-08-14,982,9953,140787,MVOTMA*
2018-07-31,983,9953,140645,MVOTMA*
2018-07-04,984,9953,140357,MIEM*
2018-06-26,985,9953,140229,MVOTMA*
2018-06-26,986,9953,140222,MVOTMA*
2018-06-26,987,9953,140219,MIEM*
2018-06-26,988,9953,140227,MSP*
2018-06-26,989,9953,140223,MSP*
2018-06-12,990,9953,140084,MEC*
2018-06-12,991,9953,140085,MVOTMA*
2018-05-15,992,9953,139719,MEC*
2018-05-09,993,9953,139629,MVOTMA*
2018-05-08,994,9953,139577,MVOTMA*
2018-05-08,995,9953,139578,MIDES*
2018-05-08,996,9953,139579,MEC*
2018-05-03,997,9953,139571,MGAP*
2018-05-02,998,9953,139478,MINISTERIO INTERIOR
2018-04-10,999,9953,139182,MIDES*
2018-04-03,1000,9953,139073,MVOTMA*
2018-03-07,1001,9953,138769,MTOP*
2018-03-07,1002,9953,138773,MTOP*
2018-03-07,1003,9953,138786,MVOTMA*
2017-12-20,1004,9953,137971,MVOTMA*
2017-12-20,1005,9953,137973,MRREE*
2017-12-11,1006,9953,137885,MSP*
2017-12-05,1007,9953,137764,MSP*
2017-10-17,1008,9953,137100,MVOTMA*
2017-10-17,1009,9953,137101,MIEM*
2017-10-17,1010,9953,137102,MGAP*
2017-08-09,1011,9953,136176,MVOTMA*
2017-08-09,1012,9953,136179,MTOP*
2017-08-04,1013,9953,136066,MEF*
2018-11-14,1014,11578,141862,MSP*
2018-11-13,1015,11578,141832,MIEM*
2018-11-13,1016,11578,141835,MGAP*
2018-11-13,1017,11578,141836,MINISTERIO INTERIOR
2018-07-31,1018,11578,140634,MDN*
2018-07-31,1019,11578,140635,MIDES*
2018-04-17,1020,11578,139327,MVOTMA*
2018-01-04,1021,11578,138124,ANTEL*
2017-06-13,1022,11578,135242,MRREE*
2017-06-13,1023,11578,135243,OPP*
2017-05-06,1024,11578,134844,MINISTERIO INTERIOR
2016-12-13,1025,11578,133153,MGAP*
2016-12-13,1026,11578,133157,MTOP*
2016-12-13,1027,11578,133161,MVOTMA*
2016-10-19,1028,11578,132142,MEC*
2016-05-04,1029,11578,129456,MTOP*
2016-05-03,1030,11578,129388,MDN*
2015-03-04,1031,11578,123538,MINISTERIO INTERIOR
2015-03-04,1032,11578,123537,MTOP*
2015-03-04,1033,11578,123541,MDN*
2015-03-04,1034,11578,123539,MSP*
2019-03-06,1035,11810,142603,MVOTMA*
2018-10-18,1036,11810,141941,MDN*
2018-10-18,1037,11810,141940,MIDES*
2018-10-18,1038,11810,141944,MGAP*
2018-10-18,1039,11810,141943,MDN*
2018-09-04,1040,11810,141101,MVOTMA*
2018-04-10,1041,11810,139185,MSP*
2016-05-31,1042,11810,129963,MVOTMA*
2016-05-31,1043,11810,129966,MSP*
2016-05-03,1044,11810,129394,MEC*
2016-02-24,1045,11810,128380,MTOP*
2019-04-09,1046,3063,143147,MTSS*
2018-12-04,1047,3063,142046,MINISTERIO INTERIOR
2018-09-04,1048,3063,141125,MTOP*
2018-05-09,1049,3063,139612,MIDES*
2018-04-03,1050,3063,139077,MINISTERIO INTERIOR
2018-04-03,1051,3063,139078,MTOP*
2018-03-06,1052,3063,138636,MEF*
2017-04-18,1053,3063,134410,MEC*
2017-04-18,1054,3063,134411,MIDES*
2017-04-04,1055,3063,134325,MVOTMA*
2017-04-04,1056,3063,134327,MTOP*
2016-09-26,1057,3063,131797,MVOTMA*
2016-04-05,1058,3063,128885,MEF*
2016-04-05,1059,3063,128885,MGAP*
2016-04-05,1060,3063,128892,MEC*
2016-02-24,1061,3063,128372,MINISTERIO INTERIOR
2016-02-24,1062,3063,128371,MIEM*
2016-02-24,1063,3063,128376,MVOTMA*
2016-02-24,1064,3063,128374,MTOP*
2015-12-08,1065,3063,127770,MVOTMA*
2015-08-05,1066,3063,125794,MINISTERIO INTERIOR
2015-04-07,1067,3063,123972,MSP*
2015-04-07,1068,3063,123978,ONSC*
2018-12-11,1069,11667,142129,MEF*
2018-03-13,1070,11667,138851,MEF*
2017-02-15,1071,11667,133605,MTSS*
2016-09-06,1072,11667,131512,MINISTERIO INTERIOR
2016-09-06,1073,11667,131512,MRREE*
2016-09-06,1074,11667,131458,MTOP*
2015-12-15,1075,11667,127905,MEC*
2015-09-09,1076,11667,126496,SUPREMA CORTE JUSTICIA
2015-06-18,1077,11667,125082,MEF*
2015-06-18,1078,11667,125084,MEC*
2015-06-18,1079,11667,125084,MSP*
2015-06-18,1080,11667,125084,MIEM*
2018-10-17,1081,11893,141561,MIEM*
2018-05-02,1082,11893,139477,MEC*
2016-05-31,1083,7952,129951,OPP*
2018-12-11,1084,12471,142128,MTSS*
2018-12-05,1085,12471,142077,OPP*
2015-08-18,1086,11874,126041,MVOTMA*
2018-05-09,1087,11754,139618,MIDES*
2018-05-09,1088,11754,139619,MINISTERIO INTERIOR
2017-12-12,1089,11754,137894,MEF*
2017-08-04,1090,11754,136076,MIEM*
2015-04-07,1091,9942,123966,MEF*
2015-04-07,1092,9942,123953,MIEM*
2015-04-07,1093,9942,123950,MEF*
2015-03-17,1094,9942,123961,MIEM*
2015-03-07,1095,9942,123970,OPP*
2015-03-07,1096,9942,123968,MIEM*
2019-03-12,1097,8879,142708,MEF*
2019-03-12,1098,8879,142711,MEC*
2018-12-04,1099,8879,142045,MEC*
2018-11-14,1100,8879,141854,MEC*
2018-11-07,1101,8879,141776,MEC*
2018-11-07,1102,8879,141781,MEC*
2018-09-04,1103,8879,141087,MDN*
2018-09-04,1104,8879,141105,MEF*
2018-09-04,1105,8879,141114,MTSS*
2018-07-31,1106,8879,140641,MEC*
2018-07-10,1107,8879,140433,MIEM*
2018-07-10,1108,8879,140434,MINISTERIO INTERIOR
2018-07-10,1109,8879,140437,MEC*
2018-07-03,1110,8879,140348,MEC*
2018-05-02,1111,8879,139506,MEC*
2018-05-02,1112,8879,139502,MEC*
2018-05-02,1113,8879,139490,MEC*
2018-05-02,1114,8879,139516,MEF*
2018-05-02,1115,8879,139510,MINISTERIO INTERIOR
2018-05-02,1116,8879,139508,MIEM*
2018-04-17,1117,8879,139317,MEC*
2018-04-17,1118,8879,139319,MEC*
2018-03-06,1119,8879,138739,MEC*
2018-02-07,1120,8879,138357,MEF*
2018-02-07,1121,8879,138379,MIEM*
2018-02-07,1122,8879,138380,MIEM*
2017-12-05,1123,8879,137771,MEC*
2017-10-17,1124,8879,137111,MDN*
2017-10-10,1125,8879,137019,MEC*
2017-10-10,1126,8879,137021,MEC*
2017-10-03,1127,8879,136873,MEC*
2017-10-03,1128,8879,136871,MEC*
2017-10-03,1129,8879,137073,MEC*
2017-10-03,1130,8879,136882,MEC*
2017-09-05,1131,8879,136516,MEC*
2017-08-15,1132,8879,136251,MINISTERIO INTERIOR
2017-08-04,1133,8879,136074,MDN*
2017-08-01,1134,8879,135987,MIEM*
2017-08-01,1135,8879,135988,MEF*
2017-07-24,1136,8879,135847,MEC*
2018-11-22,1137,11786,141928,MTSS*
2018-11-22,1138,11786,141929,MEC*
2018-11-14,1139,11786,141853,MIEM*
2018-11-14,1140,11786,141855,MTSS*
2018-11-14,1141,11786,141857,MEC*
2018-05-15,1142,11786,139709,MIEM*
2016-12-28,1143,11786,133321,MINISTERIO INTERIOR
2015-12-15,1144,11786,127901,MINISTERIO INTERIOR
2015-12-09,1145,11786,127817,MTOP*
2015-12-09,1146,11786,127821,MIEM*
2015-09-09,1147,11786,126482,MEF*
2015-09-09,1148,11786,126485,MGAP*
2016-11-01,1149,9916,132461,MRREE*
2016-12-06,1150,11782,132983,MSP*
2015-06-10,1151,11782,124942,MTOP*
2015-06-02,1152,11782,124769,MIEM*
2019-05-14,1153,9645,143575,MDN*
2019-05-14,1154,9645,143579,MIDES*
2019-05-14,1155,9645,143582,MEF*
2019-05-14,1156,9645,143584,MEF*
2019-05-14,1157,9645,143589,MEC*
2019-05-14,1158,9645,143592,MEC*
2019-05-14,1159,9645,143581,MIEM*
2019-05-14,1160,9645,143576,MINISTERIO TURISMO
2019-05-14,1161,9645,143587,MIEM*
2019-05-14,1162,9645,143590,MTSS*
2019-05-14,1163,9645,143586,MTOP*
2019-05-14,1164,9645,143591,MINISTERIO INTERIOR
2019-05-14,1165,9645,143585,MTOP*
2019-05-14,1166,9645,143569,MRREE*
2019-05-14,1167,9645,143574,MGAP*
2019-05-14,1168,9645,143572,MSP*
2019-05-14,1169,9645,143570,MSP*
2019-05-09,1170,9645,143578,MVOTMA*
2019-05-07,1171,9645,143415,MIDES*
2019-03-29,1172,9645,143064,MIEM*
2019-03-29,1173,9645,143065,MINISTERIO INTERIOR
2019-03-13,1174,9645,143066,MDN*
2018-12-27,1175,9645,142274,MINISTERIO INTERIOR
2018-12-20,1176,9645,142239,MSP*
2018-11-14,1177,9645,141859,MEC*
2018-11-14,1178,9645,141860,MINISTERIO INTERIOR
2018-11-13,1179,9645,141823,MIDES*
2015-06-09,1180,9645,124903,MRREE*
2019-05-07,1181,11913,143412,MINISTERIO INTERIOR
2018-07-11,1182,11913,140469,MINISTERIO INTERIOR
2018-07-11,1183,11913,140471,MDN*
2018-07-11,1184,11913,140472,MINISTERIO INTERIOR
2018-06-13,1185,11913,140124,MINISTERIO INTERIOR
2018-06-13,1186,11913,140125,MINISTERIO INTERIOR
2018-06-06,1187,11913,140020,MINISTERIO INTERIOR
2018-06-06,1188,11913,140022,MINISTERIO INTERIOR
2018-04-17,1189,11913,139310,MINISTERIO INTERIOR
2016-11-15,1190,11913,132663,MINISTERIO INTERIOR
2016-11-15,1191,11913,132661,MINISTERIO INTERIOR
2016-11-15,1192,11913,132682,MINISTERIO INTERIOR
2016-11-15,1193,11913,132677,MINISTERIO INTERIOR
2015-11-17,1194,11913,127437,MINISTERIO INTERIOR
2015-11-17,1195,11913,127416,MINISTERIO INTERIOR
2015-11-17,1196,11913,127442,MINISTERIO INTERIOR
2015-11-17,1197,11913,127439,MINISTERIO INTERIOR
2017-11-01,1198,6143,137297,MINISTERIO INTERIOR
2017-05-09,1199,6143,134759,MEF*
2017-03-07,1200,6143,133760,MIEM*
2016-09-26,1201,6143,131771,MVOTMA*
2016-05-17,1202,6143,129709,MEC*
2015-07-27,1203,6143,125667,MVOTMA*
2015-06-17,1204,6143,125052,MSP*
2017-03-07,1205,5217,133734,MINISTERIO INTERIOR
2017-03-07,1206,5217,133735,SUPREMA CORTE JUSTICIA
2017-02-15,1207,5217,133613,MINISTERIO INTERIOR
2017-02-15,1208,5217,133614,MINISTERIO INTERIOR
2017-02-15,1209,5217,133612,MINISTERIO INTERIOR
2017-02-15,1210,5217,133606,MINISTERIO INTERIOR
2017-02-15,1211,5217,133607,MINISTERIO INTERIOR
2017-02-15,1212,5217,133610,MINISTERIO INTERIOR
2016-01-01,1213,5217,128026,MVOTMA*
2019-05-14,1214,11819,143577,MTOP*
2019-05-09,1215,11819,143523,MTSS*
2019-05-09,1216,11819,143524,MINISTERIO INTERIOR
2019-05-07,1217,11819,143391,OPP*
2019-05-07,1218,11819,143417,MVOTMA*
2019-05-07,1219,11819,143420,MTOP*
2019-03-29,1220,11819,143057,MIEM*
2019-03-06,1221,11819,142565,MIEM*
2019-03-06,1222,11819,142535,MDN*
2019-03-06,1223,11819,142534,MVOTMA*
2019-03-06,1224,11819,142586,MINISTERIO INTERIOR
2019-03-06,1225,11819,142678,MEF*
2019-03-06,1226,11819,142677,MEF*
2019-03-06,1227,11819,142636,MINISTERIO TURISMO
2018-12-20,1228,11819,142244,MIEM*
2018-12-20,1229,11819,142243,MVOTMA*
2018-12-12,1230,11819,142158,MVOTMA*
2018-12-05,1231,11819,142083,MIDES*
2018-10-24,1232,11819,141628,MTOP*
2018-10-16,1233,11819,141551,MEC*
2018-10-16,1234,11819,141549,MEC*
2018-10-16,1235,11819,141554,MEC*
2018-10-16,1236,11819,141553,MEC*
2018-10-03,1237,11819,141432,MIDES*
2018-08-14,1238,11819,140789,MVOTMA*
2018-08-14,1239,11819,140791,MVOTMA*
2018-08-01,1240,11819,140664,MEF*
2018-08-01,1241,11819,140663,MRREE*
2018-08-01,1242,11819,140665,TRIBUNAL CUENTAS
2018-07-31,1243,11819,140666,MTOP*
2018-07-04,1244,11819,140358,MTOP*
2019-03-29,1245,7764,143056,MGAP*
2019-03-29,1246,7764,143060,MVOTMA*
2017-11-15,1247,7764,137564,MVOTMA*
2017-09-12,1248,7764,136588,MGAP*
2017-09-05,1249,7764,136497,MSP*
2017-09-05,1250,7764,136521,MVOTMA*
2017-09-05,1251,7764,136522,MVOTMA*
2017-11-14,1252,11837,137490,MIEM*
2017-11-14,1253,11837,137488,MEC*
2017-07-24,1254,11849,135845,MTOP*
2017-06-06,1255,11744,135116,MGAP*
2016-12-28,1256,11744,133348,MGAP*
2016-12-28,1257,11744,133351,MEF*
2016-11-16,1258,11744,132707,MGAP*
2016-05-17,1259,11744,129714,MSP*
2015-11-03,1260,11744,127280,MEC*
2015-07-23,1261,11744,125613,MGAP*
2016-07-27,1262,11910,130920,MGAP*
2016-07-27,1263,11910,130914,MIEM*
2016-07-27,1264,11910,130919,MTOP*
2015-10-11,1265,11910,126913,MSP*
2018-10-03,1266,11598,141436,MINISTERIO TURISMO
2018-06-05,1267,11598,139989,MEC*
2018-05-02,1268,11598,139475,MEC*
2018-03-06,1269,11598,138732,MSP*
2018-03-06,1270,11598,138792,MINISTERIO INTERIOR
2017-12-06,1271,11598,137848,MRREE*
2017-12-05,1272,11598,137769,MEC*
2017-11-01,1273,11598,137316,MIDES*
2017-08-01,1274,11598,135989,MEC*
2017-05-12,1275,11598,135679,MEC*
2016-09-26,1276,11598,131772,MSP*
2016-07-12,1277,11598,130683,MINISTERIO INTERIOR
2016-07-12,1278,11598,130696,MSP*
2015-10-06,1279,11598,126808,MIDES*
2015-07-22,1280,11598,125602,MSP*
2017-12-05,1281,3407,137776,MEF*
2016-12-06,1282,3407,133027,MVOTMA*
2015-12-08,1283,3407,127796,MVOTMA*
2015-11-03,1284,3407,127123,MEC*
2018-06-05,1285,11827,139988,MSP*
2017-11-01,1286,11827,137298,MEF*
2017-08-08,1287,11827,136159,MDN*
2017-08-08,1288,11827,136160,MTSS*
2017-08-08,1289,11827,136153,MINISTERIO TURISMO
2017-08-08,1290,11827,136149,MTSS*
2017-08-08,1291,11827,136152,MEF*
2016-05-10,1292,11827,129554,MVOTMA*
2016-05-04,1293,11827,129458,MTSS*
2018-12-05,1294,659,142079,MEF*
2018-12-05,1295,659,142081,MEC*
2018-10-03,1296,659,141438,MEF*
2017-05-06,1297,659,134846,MINISTERIO INTERIOR
2016-05-10,1298,659,129549,MVOTMA*
2016-05-10,1299,659,129551,MEF*
2016-07-15,1300,10010,130905,MEF*
2017-07-05,1301,12010,135573,MEF*
2016-04-05,1302,12010,128888,MIEM*
2016-04-05,1303,12010,128903,MIDES*
2015-08-18,1304,11740,126039,ONSC*
2019-05-07,1305,11611,143448,MTOP*
2019-03-06,1306,11611,142563,MTOP*
2018-12-27,1307,11611,142275,MEF*
2018-12-27,1308,11611,142276,MIEM*
2018-12-20,1309,11611,142248,MEC*
2018-10-02,1310,11611,141427,MEF*
2017-07-12,1311,11611,135680,MTOP*
2017-07-12,1312,11611,135697,MVOTMA*
2017-06-06,1313,11611,135143,MVOTMA*
2017-04-18,1314,11611,134417,MSP*
2016-10-04,1315,11611,131911,MVOTMA*
2016-09-06,1316,11611,131455,MEF*
2016-07-12,1317,11611,130714,MIEM*
2016-04-12,1318,11611,129068,SUPREMA CORTE JUSTICIA
2015-11-04,1319,11611,127282,MSP*
2015-05-21,1320,11611,124622,MEC*
2015-05-12,1321,11611,124467,MVOTMA*
2018-05-16,1322,11891,139756,MTSS*
2018-04-03,1323,11891,139033,OPP*
2017-12-13,1324,11891,137914,MTSS*
2017-12-13,1325,11891,137915,MEF*
2018-12-27,1326,10015,142269,MSP*
2018-10-03,1327,10015,141433,MEC*
2018-10-03,1328,10015,141435,MEC*
2018-07-17,1329,10015,140542,MIEM*
2018-07-17,1330,10015,140531,MIEM*
2018-07-17,1331,10015,140530,MVOTMA*
2015-12-21,1332,10015,127983,MEC*
2015-12-21,1333,10015,127995,MEC*
2015-11-04,1334,10015,127187,MSP*
2015-07-01,1335,11798,125235,MTSS*
2016-05-03,1336,11749,129392,MVOTMA*
2016-11-24,1337,9901,132837,TRIBUNAL CUENTAS
2017-07-04,1338,6734,135540,MGAP*
2017-07-04,1339,6734,135534,MVOTMA*
2018-04-10,1340,10117,139170,MGAP*
2018-04-03,1341,10117,139051,MEC*
2018-04-03,1342,10117,139048,MEC*
2018-04-03,1343,10117,139068,MVOTMA*
2018-04-03,1344,10117,139052,MINISTERIO INTERIOR
2018-03-06,1345,10117,138684,MSP*
2017-10-18,1346,10117,137138,MEC*
2017-10-03,1347,10117,136864,MEC*
2016-11-09,1348,10117,132601,MIEM*
2016-10-19,1349,10117,132144,MEC*
2016-06-08,1350,10117,130128,MINISTERIO INTERIOR
2016-06-08,1351,10117,130130,MINISTERIO INTERIOR
2016-05-03,1352,10117,129399,MEC*
2016-05-02,1353,10117,129390,MSP*
2015-11-11,1354,10117,127289,MIEM*
2015-12-02,1355,11413,127693,MINISTERIO INTERIOR
2015-10-06,1356,11413,126814,MDN*
2018-10-24,1357,5938,141648,MTSS*
2018-04-17,1358,5938,139323,MSP*
2018-04-03,1359,5938,139057,MTSS*
2017-08-15,1360,5938,136253,MTSS*
2016-03-02,1361,5938,128468,MINISTERIO INTERIOR
2016-02-24,1362,5938,128382,MEC*
2016-02-24,1363,5938,128379,MEF*
2016-02-24,1364,5938,128377,MEC*
2016-02-24,1365,5938,128400,OPP*
2016-02-24,1366,5938,128399,MTSS*
2016-02-24,1367,5938,128399,MIDES*
2016-02-24,1368,5938,128386,MTSS*
2015-10-06,1369,5938,126821,MTSS*
2015-10-03,1370,5938,127157,MGAP*
2015-07-07,1371,5938,125358,OPP*
2015-05-12,1372,5938,124470,MEF*
2015-04-14,1373,5938,124099,MVOTMA*
2015-04-14,1374,5938,124101,OPP*
2015-04-14,1375,5938,124104,MGAP*
2015-03-10,1376,5938,123595,MEF*
2015-03-10,1377,5938,123604,MIEM*
2015-03-04,1378,5938,123540,MSP*
2015-03-03,1379,5938,123484,MEF*
2015-03-03,1380,5938,123488,MRREE*
2015-12-16,1381,10704,127921,MIEM*
2016-11-24,1382,10078,132839,MGAP*
2018-04-03,1383,8185,139098,MEF*
2017-08-01,1384,8185,135999,MRREE*
2015-08-12,1385,11869,125919,MEC*
2015-08-12,1386,11869,125919,MSP*
2018-04-04,1387,11653,139120,MIDES*
2016-03-08,1388,11653,128587,MSP*
2015-11-10,1389,11653,127284,MTOP*
2015-06-03,1390,11653,124807,MTOP*
2015-07-14,1391,11828,125465,MVOTMA*
2015-07-14,1392,11828,125455,OPP*
2018-07-11,1393,12106,140470,MVOTMA*
2018-07-11,1394,12106,140468,MIEM*
2018-07-11,1395,12106,140466,MVOTMA*
2016-07-06,1396,12106,130629,MTOP*
2016-07-06,1397,12106,130629,MGAP*
2016-07-06,1398,12106,130629,MVOTMA*
2016-07-06,1399,12106,130629,MSP*
2016-07-06,1400,12106,130638,CORTE ELECTORAL
2018-10-02,1401,11765,141418,MSP*
2018-06-26,1402,11765,140221,MSP*
2018-05-02,1403,11765,139472,ONSC*
2018-05-02,1404,11765,139473,MVOTMA*
2018-05-02,1405,11765,139468,MDN*
2018-04-17,1406,11765,139326,MVOTMA*
2017-11-01,1407,11765,137285,MSP*
2016-09-26,1408,11765,131777,MEC*
2016-09-26,1409,11765,131782,MEC*
2019-05-14,1410,11125,143594,MSP*
2019-05-14,1411,11125,143595,MSP*
2019-05-08,1412,11125,143493,MSP*
2019-05-08,1413,11125,143494,MTSS*
2019-05-07,1414,11125,143457,MEF*
2019-05-07,1415,11125,143461,MSP*
2019-05-07,1416,11125,143398,MEF*
2019-05-07,1417,11125,143397,MRREE*
2019-05-07,1418,11125,143396,MVOTMA*
2019-05-07,1419,11125,143399,MSP*
2019-05-07,1420,11125,143404,MVOTMA*
2019-05-07,1421,11125,143401,MIDES*
2019-05-07,1422,11125,143400,MSP*
2019-05-07,1423,11125,143395,MEF*
2019-05-07,1424,11125,143389,MIDES*
2019-05-07,1425,11125,143388,MEC*
2019-05-07,1426,11125,143387,MEC*
2019-05-07,1427,11125,143390,MEC*
2019-05-07,1428,11125,143394,MINISTERIO INTERIOR
2019-05-07,1429,11125,143393,MEF*
2019-05-07,1430,11125,143392,MEF*
2019-05-07,1431,11125,143405,AFE*
2019-05-07,1432,11125,143433,MIEM*
2019-05-07,1433,11125,143432,MGAP*
2019-05-07,1434,11125,143431,MIEM*
2019-05-07,1435,11125,143434,MIEM*
2019-05-07,1436,11125,143437,MGAP*
2019-05-07,1437,11125,143436,MIEM*
2019-05-07,1438,11125,143435,MIEM*
2019-05-07,1439,11125,143429,MTSS*
2019-05-07,1440,11125,143410,MVOTMA*
2019-05-07,1441,11125,143409,ANP*
2019-05-07,1442,11125,143406,MTOP*
2019-05-07,1443,11125,143411,MINISTERIO TURISMO
2019-05-07,1444,11125,143428,MDN*
2019-05-07,1445,11125,143427,MTSS*
2019-05-07,1446,11125,143414,MVOTMA*
2019-04-10,1447,11125,143173,MIEM*
2019-04-10,1448,11125,143174,MEF*
2019-04-10,1449,11125,143175,MSP*
2017-12-20,1450,11817,137980,MRREE*
2017-12-20,1451,11817,137979,MVOTMA*
2017-05-16,1452,2921,134845,MIEM*
2016-09-06,1453,2921,131477,MEC*
2019-04-03,1454,11584,143087,MIEM*
2018-05-08,1455,11584,139568,MINISTERIO TURISMO
2018-05-08,1456,11584,139567,MTSS*
2018-05-08,1457,11584,139595,MINISTERIO INTERIOR
2018-05-08,1458,11584,139569,MEF*
2018-04-18,1459,11584,139344,MVOTMA*
2018-04-17,1460,11584,139322,MIEM*
2017-09-13,1461,11584,136655,MIEM*
2017-09-13,1462,11584,136657,MEC*
2017-09-13,1463,11584,136658,MEC*
2017-09-05,1464,11584,136478,MVOTMA*
2017-07-04,1465,11584,135569,MTSS*
2017-06-13,1466,11584,135236,MEC*
2016-10-31,1467,11584,132428,MEC*
2016-10-05,1468,11584,131945,MIEM*
2016-10-05,1469,11584,131946,MEF*
2016-09-14,1470,11584,131644,MEC*
2016-05-18,1471,11584,129743,MVOTMA*
2015-11-11,1472,11584,127283,MVOTMA*
2015-11-11,1473,11584,127281,MTOP*
2015-11-11,1474,11584,127288,MVOTMA*
2015-11-11,1475,11584,127286,MIEM*
2015-05-12,1476,11584,124452,MINISTERIO INTERIOR
2017-12-20,1477,11796,137982,MDN*
2019-04-10,1478,11583,143183,MEF*
2019-04-03,1479,11583,143091,OPP*
2019-04-02,1480,11583,143079,PODER JUDICIAL
2019-03-13,1481,11583,142734,SUPREMA CORTE JUSTICIA
2019-03-13,1482,11583,142739,MINISTERIO INTERIOR
2018-10-24,1483,11583,141647,MEC*
2018-05-02,1484,11583,139503,MEC*
2018-04-03,1485,11583,139055,MVOTMA*
2017-10-18,1486,11583,137142,MTSS*
2017-10-17,1487,11583,137134,MIEM*
2017-10-03,1488,11583,137088,MTSS*
2017-09-12,1489,11583,136597,SUPREMA CORTE JUSTICIA
2017-09-12,1490,11583,136596,SUPREMA CORTE JUSTICIA
2017-09-12,1491,11583,136593,SUPREMA CORTE JUSTICIA
2017-09-12,1492,11583,136600,SUPREMA CORTE JUSTICIA
2017-09-12,1493,11583,136592,SUPREMA CORTE JUSTICIA
2017-09-12,1494,11583,136598,SUPREMA CORTE JUSTICIA
2017-09-11,1495,11583,136599,SUPREMA CORTE JUSTICIA
2017-09-05,1496,11583,136511,MVOTMA*
2017-06-22,1497,11583,135371,MINISTERIO INTERIOR
2017-06-13,1498,11583,135234,MTSS*
2017-06-07,1499,11583,135167,MEC*
2017-04-04,1500,11583,134308,SUPREMA CORTE JUSTICIA
2017-03-15,1501,11583,133900,MEC*
2017-02-15,1502,11583,133638,MTSS*
2017-02-07,1503,11583,133637,MSP*
2016-12-13,1504,11583,133142,SUPREMA CORTE JUSTICIA
2016-12-13,1505,11583,133143,MEC*
2016-12-06,1506,11583,133033,MSP*
2016-12-06,1507,11583,133016,MSP*
2016-11-24,1508,11583,132841,MDN*
2016-11-24,1509,11583,132842,MEF*
2016-11-16,1510,11583,132709,MTSS*
2016-11-16,1511,11583,132716,MIDES*
2016-10-31,1512,11583,132426,MGAP*
2016-10-31,1513,11583,132406,MEC*
2016-09-06,1514,11583,131497,MEF*
2016-09-06,1515,11583,131500,MEF*
2016-09-06,1516,11583,131503,MEF*
2016-09-06,1517,11583,131491,MTOP*
2017-08-04,1518,9451,136060,MVOTMA*
2017-08-04,1519,9451,136063,MINISTERIO TURISMO
2017-04-05,1520,9451,134391,MIEM*
2016-10-18,1521,9451,132121,MINISTERIO INTERIOR
2016-10-18,1522,9451,132121,MVOTMA*
2016-10-11,1523,9451,132025,MTSS*
2016-10-11,1524,9451,132026,MVOTMA*
2016-08-09,1525,9451,131104,MSP*
2016-07-27,1526,9451,130917,MTOP*
2016-07-27,1527,9451,130917,MVOTMA*
2016-07-05,1528,9451,130606,MVOTMA*
2016-06-15,1529,9451,130246,MEF*
2016-06-07,1530,9451,130079,MEC*
2016-06-07,1531,9451,130099,MEC*
2016-05-18,1532,9451,129745,MSP*
2016-05-18,1533,9451,129745,MIDES*
2016-04-05,1534,9451,128893,MTSS*
2015-12-08,1535,9451,127773,MTOP*
2015-11-04,1536,9451,127282,MSP*
2015-09-09,1537,9451,126494,MSP*
2015-05-13,1538,9451,124504,MVOTMA*
2015-05-12,1539,9451,124453,MVOTMA*
2017-08-04,1540,8368,136060,MVOTMA*
2017-08-04,1541,8368,136063,MINISTERIO TURISMO
2016-10-31,1542,8368,132438,MTOP*
2016-06-07,1543,8368,130079,MEC*
2016-06-07,1544,8368,130099,MEC*
2015-07-14,1545,11752,125461,MVOTMA*
2017-12-20,1546,11941,137980,MRREE*
2019-04-09,1547,3412,143150,MINISTERIO INTERIOR
2019-03-06,1548,3412,142599,MEC*
2019-03-06,1549,3412,142539,MTOP*
2019-03-06,1550,3412,142655,MIDES*
2019-03-06,1551,3412,142698,MEC*
2019-03-06,1552,3412,142663,MSP*
2018-12-27,1553,3412,142271,MEF*
2018-12-04,1554,3412,142048,MIEM*
2018-12-04,1555,3412,142049,MVOTMA*
2018-10-25,1556,3412,141657,MEC*
2018-10-25,1557,3412,141658,MTOP*
2018-10-24,1558,3412,141627,MVOTMA*
2018-10-03,1559,3412,141441,MEC*
2018-09-19,1560,3412,141308,MVOTMA*
2018-09-19,1561,3412,141309,MIDES*
2018-08-14,1562,3412,140794,MIEM*
2018-07-17,1563,3412,140537,MIEM*
2018-07-17,1564,3412,140536,MVOTMA*
2018-07-17,1565,3412,140538,MINISTERIO TURISMO
2018-07-17,1566,3412,140541,OPP*
2018-07-17,1567,3412,140539,MTOP*
2018-06-26,1568,3412,140218,MIEM*
2018-06-12,1569,3412,140102,MVOTMA*
2018-06-06,1570,3412,140018,MEC*
2018-06-06,1571,3412,140021,MINISTERIO INTERIOR
2018-06-05,1572,3412,139970,MEC*
2018-06-05,1573,3412,139974,MTOP*
2018-06-05,1574,3412,139998,MEC*
2018-04-17,1575,3412,139309,OPP*
2018-04-03,1576,3412,139040,MTSS*
2018-04-03,1577,3412,139037,MEC*
2018-04-03,1578,3412,139044,MTOP*
2018-04-03,1579,3412,139043,MEC*
2018-03-14,1580,3412,138871,MVOTMA*
2018-03-13,1581,3412,138849,MEC*
2018-03-13,1582,3412,138852,MVOTMA*
2018-03-06,1583,3412,138724,MTSS*
2018-03-06,1584,3412,138726,MINISTERIO INTERIOR
2018-03-06,1585,3412,138706,MEC*
2018-03-06,1586,3412,138689,MEC*
2017-12-05,1587,11669,137761,MVOTMA*
2019-03-06,1588,11594,142553,MEF*
2019-03-06,1589,11594,142550,MEF*
2019-03-06,1590,11594,142547,MTSS*
2016-05-10,1591,11694,129563,MTOP*
2015-12-21,1592,11694,127989,MEC*
2015-12-21,1593,11694,127985,MTOP*
2015-12-21,1594,11694,127994,MEC*
2019-05-07,1595,9896,143465,MIEM*
2019-05-07,1596,9896,143470,MTSS*
2018-12-11,1597,9896,142131,MEF*
2018-09-04,1598,9896,141240,MINISTERIO INTERIOR
2018-07-31,1599,9896,140637,MINISTERIO INTERIOR
2018-03-14,1600,9896,138869,MEF*
2018-03-07,1601,9896,138794,MTOP*
2018-03-06,1602,9896,138947,MSP*
2017-11-01,1603,9896,137279,MIEM*
2017-10-18,1604,9896,137140,MINISTERIO INTERIOR
2017-10-10,1605,9896,136997,MEF*
2017-10-03,1606,9896,136825,MSP*
2017-06-22,1607,9896,135413,MIDES*
2017-04-18,1608,9896,134398,MIEM*
2017-04-18,1609,9896,134401,MINISTERIO INTERIOR
2017-04-18,1610,9896,134402,MDN*
2017-04-04,1611,9896,134302,MIEM*
2017-04-04,1612,9896,134315,MDN*
2017-03-28,1613,9896,134177,MTOP*
2017-03-28,1614,9896,134177,MIEM*
2017-02-15,1615,9896,133628,MVOTMA*
2017-02-15,1616,9896,133630,MSP*
2016-10-11,1617,9896,132017,MEF*
2016-10-04,1618,9896,131906,MVOTMA*
2016-09-07,1619,9896,131548,MSP*
2016-07-13,1620,9896,130747,MSP*
2016-07-05,1621,9896,130619,MIEM*
2016-06-08,1622,9896,130124,MIEM*
2016-04-12,1623,9896,129077,MEF*
2016-04-05,1624,9896,128881,MINISTERIO TURISMO
2016-03-02,1625,9896,128463,OPP*
2016-02-24,1626,9896,128392,MIEM*
2016-02-24,1627,9896,128394,MVOTMA*
2016-02-24,1628,9896,128401,MEF*
2015-12-08,1629,9896,127787,MGAP*
2015-12-08,1630,9896,127789,MIEM*
2015-11-17,1631,9896,127419,MTOP*
2015-11-03,1632,9896,127121,MINISTERIO INTERIOR
2015-11-03,1633,9896,127177,MEC*
2015-10-06,1634,9896,126809,MSP*
2015-10-06,1635,9896,126824,MIEM*
2018-04-10,1636,7744,139169,MEC*
2018-04-03,1637,7744,139091,MDN*
2018-04-03,1638,7744,139092,MINISTERIO INTERIOR
2018-03-07,1639,7744,138796,MSP*
2017-06-07,1640,7744,135147,MSP*
2017-02-15,1641,7744,133615,MVOTMA*
2017-02-15,1642,7744,133615,MDN*
2016-09-07,1643,7744,131561,MTSS*
2016-08-11,1644,7744,131180,MEF*
2016-08-03,1645,7744,131038,MEC*
2016-05-11,1646,7744,129587,MTOP*
2016-05-03,1647,7744,129400,MIEM*
2015-12-08,1648,7744,127768,MEF*
2015-12-08,1649,7744,127768,MINISTERIO INTERIOR
2015-12-08,1650,7744,127768,MTOP*
2015-12-08,1651,7744,127768,MTSS*
2015-12-08,1652,7744,127800,MSP*
2015-10-06,1653,7744,126810,MIEM*
2016-11-09,1654,6138,132576,MDN*
2016-10-18,1655,6138,132108,MTOP*
2019-03-06,1656,11627,142553,MEF*
2019-03-06,1657,11627,142550,MEF*
2019-03-06,1658,11627,142547,MTSS*
2019-03-06,1659,11627,142597,MDN*
2019-03-06,1660,11627,142703,SUPREMA CORTE JUSTICIA
2019-03-06,1661,11627,142661,MEC*
2019-03-06,1662,11627,142618,MINISTERIO INTERIOR
2018-11-07,1663,11627,141782,ONSC*
2018-05-02,1664,11627,139481,MIEM*
2018-05-02,1665,11627,139482,MIEM*
2018-05-02,1666,11627,139476,MDN*
2018-05-02,1667,11627,139479,MIEM*
2018-05-02,1668,11627,139500,OPP*
2018-05-02,1669,11627,139484,MVOTMA*
2018-05-02,1670,11627,139483,MVOTMA*
2018-05-02,1671,11627,139512,MEF*
2018-03-06,1672,11627,138653,MDN*
2018-03-06,1673,11627,138691,MRREE*
2018-03-06,1674,11627,138735,MRREE*
2018-03-06,1675,11627,138652,MEF*
2018-03-06,1676,11627,138651,MDN*
2017-12-05,1677,11627,137777,MINISTERIO INTERIOR
2017-12-05,1678,11627,137779,ONSC*
2017-10-10,1679,11627,137010,MEF*
2017-10-10,1680,11627,137011,MDN*
2017-10-03,1681,11627,136860,MDN*
2017-10-03,1682,11627,136891,MSP*
2017-10-03,1683,11627,136856,MINISTERIO INTERIOR
2017-10-03,1684,11627,136828,MEF*
2017-10-03,1685,11627,136838,MDN*
2017-10-03,1686,11627,136910,MINISTERIO INTERIOR
2017-10-03,1687,11627,136917,SUPREMA CORTE JUSTICIA
2017-10-03,1688,11627,136918,MDN*
2017-10-03,1689,11627,136916,MDN*
2017-10-03,1690,11627,136911,MEC*
2017-10-03,1691,11627,136912,MRREE*
2017-08-01,1692,11627,135975,MDN*
2017-03-28,1693,11627,134199,MVOTMA*
2017-03-28,1694,11627,134187,MEF*
2019-03-29,1695,11599,143055,MEF*
2018-12-20,1696,11599,142232,MTOP*
2018-12-12,1697,11599,142157,MDN*
2018-11-06,1698,11599,141752,MTOP*
2018-11-06,1699,11599,141755,MTOP*
2018-10-24,1700,11599,141640,MTOP*
2018-10-24,1701,11599,141641,MTOP*
2018-10-24,1702,11599,141643,MINISTERIO INTERIOR
2018-10-16,1703,11599,141563,MTOP*
2018-10-02,1704,11599,141411,MTOP*
2018-10-02,1705,11599,141414,MDN*
2018-10-02,1706,11599,141423,MTOP*
2018-09-04,1707,11599,141091,MDN*
2018-08-15,1708,11599,140837,MDN*
2018-07-17,1709,11599,140533,MTSS*
2018-07-17,1710,11599,140545,MEF*
2018-07-10,1711,11599,140436,MEF*
2018-06-26,1712,11599,140226,MEF*
2018-06-12,1713,11599,140113,MTOP*
2018-06-05,1714,11599,139993,MTOP*
2018-04-10,1715,11599,139163,MTOP*
2018-04-03,1716,11599,139099,MVOTMA*
2018-03-07,1717,11599,138794,MTOP*
2018-03-06,1718,11599,138945,MTOP*
2018-03-06,1719,11599,138946,MTOP*
2018-03-06,1720,11599,138687,MTOP*
2018-03-06,1721,11599,138736,MTOP*
2018-02-07,1722,11599,138346,MTOP*
2018-02-07,1723,11599,138332,MEF*
2018-02-07,1724,11599,138362,MEF*
2018-02-07,1725,11599,138352,MTOP*
2017-12-20,1726,11599,137986,MDN*
2017-11-07,1727,11599,137380,MEF*
2017-11-01,1728,11599,137319,MEF*
2017-10-11,1729,11599,137032,MTOP*
2017-10-03,1730,11599,136874,MINISTERIO INTERIOR
2017-10-03,1731,11599,137074,MTOP*
2017-09-12,1732,11599,136595,MTOP*
2017-09-05,1733,11599,136484,MTOP*
2017-09-05,1734,11599,136517,MTOP*
2018-10-09,1735,12460,141503,MSP*
2018-07-10,1736,11909,140431,SUPREMA CORTE JUSTICIA
2019-03-06,1737,11329,142612,MSP*
2019-03-06,1738,11329,142608,MSP*
2019-03-06,1739,11329,142664,MTOP*
2019-03-06,1740,11329,142671,MEF*
2019-03-06,1741,11329,142687,MTOP*
2019-03-06,1742,11329,142686,MDN*
2019-03-06,1743,11329,142685,MTOP*
2018-12-14,1744,11329,142187,MEC*
2018-10-02,1745,11329,141413,MTSS*
2018-10-02,1746,11329,141416,MTSS*
2018-10-02,1747,11329,141428,MEC*
2018-09-18,1748,11329,141282,MINISTERIO INTERIOR
2018-09-18,1749,11329,141285,SUPREMA CORTE JUSTICIA
2018-05-02,1750,11329,139491,MEC*
2018-05-02,1751,11329,139492,MIDES*
2018-05-02,1752,11329,139498,MIDES*
2017-12-05,1753,11329,137762,MIEM*
2017-10-20,1754,11329,137991,MSP*
2017-07-05,1755,11329,135574,MSP*
2017-06-13,1756,11329,135240,MIDES*
2017-05-09,1757,11329,134725,MTSS*
2017-05-09,1758,11329,134729,MSP*
2017-05-09,1759,11329,134734,MGAP*
2017-05-02,1760,11329,134598,MIEM*
2017-05-02,1761,11329,134619,MIEM*
2017-05-02,1762,11329,134620,MVOTMA*
2017-03-28,1763,11329,134219,TRIBUNAL CUENTAS
2017-03-15,1764,11329,133902,TRIBUNAL CUENTAS
2017-03-07,1765,11329,133764,MSP*
2017-03-07,1766,11329,133762,MINISTERIO INTERIOR
2017-03-07,1767,11329,133771,MIEM*
2017-03-07,1768,11329,133766,MVOTMA*
2016-12-06,1769,11329,132986,MEF*
2016-12-06,1770,11329,132992,MEF*
2016-12-06,1771,11329,132995,MEF*
2016-11-16,1772,11329,132719,MIEM*
2016-11-16,1773,11329,132718,MEC*
2016-11-16,1774,11329,132724,MIEM*
2016-11-16,1775,11329,132723,MIEM*
2016-11-08,1776,11329,132531,MINISTERIO INTERIOR
2019-05-07,1777,149,143454,MEF*
2019-03-06,1778,149,142606,MEC*
2019-03-06,1779,149,142622,MINISTERIO INTERIOR
2018-11-07,1780,149,141789,MDN*
2018-09-05,1781,149,141142,MEF*
2018-07-31,1782,149,140638,MTSS*
2018-06-26,1783,149,140232,MRREE*
2018-05-08,1784,149,139566,MINISTERIO TURISMO
2018-05-08,1785,149,139591,SUPREMA CORTE JUSTICIA
2018-04-03,1786,149,139050,SUPREMA CORTE JUSTICIA
2018-03-06,1787,149,138942,SUPREMA CORTE JUSTICIA
2018-03-06,1788,149,138943,MINISTERIO INTERIOR
2017-09-05,1789,149,136488,MVOTMA*
2017-06-22,1790,149,135407,MINISTERIO INTERIOR
2017-06-13,1791,149,135241,TRIBUNAL CUENTAS
2017-05-02,1792,149,134609,MINISTERIO INTERIOR
2017-03-28,1793,149,134181,MIDES*
2017-02-15,1794,149,133636,MEC*
2016-10-31,1795,149,132411,MINISTERIO TURISMO
2016-10-04,1796,149,131907,SUPREMA CORTE JUSTICIA
2016-10-04,1797,149,131910,MSP*
2016-09-13,1798,149,131626,TRIBUNAL CUENTAS
2016-09-06,1799,149,131454,MEC*
2016-08-16,1800,149,131234,MEF*
2016-07-27,1801,149,130909,SUPREMA CORTE JUSTICIA
2016-04-12,1802,149,129071,MTOP*
2016-02-24,1803,149,128397,MSP*
2015-12-01,1804,149,127660,MINISTERIO INTERIOR
2015-11-03,1805,149,127148,MDN*
2015-10-06,1806,149,126831,MDN*
2015-08-18,1807,149,126048,MRREE*
2015-08-18,1808,149,126053,MGAP*
2015-05-12,1809,149,124447,MVOTMA*
2015-04-14,1810,149,124109,MEC*
2016-07-27,1811,11781,130926,MEC*
2016-07-27,1812,11781,130928,MEC*
2016-07-13,1813,11781,130769,MIEM*
2015-06-09,1814,11781,124899,MEC*
2015-06-09,1815,11781,124902,MEC*
2015-07-01,1816,8217,125243,MTOP*
2015-07-01,1817,8217,125245,MTOP*
2015-06-18,1818,8217,125080,MEC*
2015-06-18,1819,8217,125081,MEC*
2019-05-08,1820,2901,143446,MVOTMA*
2019-05-07,1821,2901,143402,MSP*
2019-05-07,1822,2901,143438,MGAP*
2019-03-29,1823,2901,143054,MDN*
2018-09-11,1824,2901,141201,MINISTERIO INTERIOR
2018-09-04,1825,2901,141090,MEC*
2018-09-04,1826,2901,141099,MEF*
2018-09-04,1827,2901,141102,MEC*
2018-06-05,1828,2901,139969,MEF*
2017-11-14,1829,2901,137483,MEC*
2016-09-06,1830,2901,131472,MIEM*
2016-07-27,1831,2901,130913,MGAP*
2016-06-07,1832,2901,130106,MIEM*
2016-05-17,1833,2901,129701,MIEM*
2016-04-12,1834,2901,129076,MTOP*
2016-04-12,1835,2901,129076,MIDES*
2016-03-08,1836,2901,128586,MGAP*
2016-03-02,1837,2901,128464,MTOP*
2016-03-02,1838,2901,128464,MIDES*
2016-03-02,1839,2901,128466,MEF*
2015-09-01,1840,2901,126287,MEC*
2019-03-06,1841,11602,142536,MVOTMA*
2018-11-06,1842,11602,141749,MVOTMA*
2018-08-14,1843,11602,140798,MSP*
2018-07-31,1844,11602,140646,MGAP*
2018-07-31,1845,11602,140648,MGAP*
2018-07-31,1846,11602,140649,MSP*
2018-07-17,1847,11602,140548,MTOP*
2018-07-17,1848,11602,140549,MDN*
2018-03-06,1849,11602,138639,MIDES*
2018-03-06,1850,11602,138638,MVOTMA*
2018-03-06,1851,11602,138671,MIDES*
2018-03-06,1852,11602,138709,MINISTERIO INTERIOR
2018-03-02,1853,11602,138723,MINISTERIO TURISMO
2018-02-07,1854,11602,138333,MSP*
2018-02-07,1855,11602,138365,MTOP*
2017-12-05,1856,11602,137775,MINISTERIO INTERIOR
2017-11-07,1857,11602,137403,MIEM*
2017-10-03,1858,11602,136927,MEC*
2017-06-22,1859,11602,135379,MTOP*
2017-06-22,1860,11602,135381,MVOTMA*
2017-06-22,1861,11602,135372,MTSS*
2017-06-22,1862,11602,135376,MEC*
2017-06-22,1863,11602,135392,MIEM*
2017-06-22,1864,11602,135390,MVOTMA*
2017-06-22,1865,11602,135398,OPP*
2017-06-22,1866,11602,135378,MIEM*
2017-06-22,1867,11602,135397,MEF*
2017-06-22,1868,11602,135385,MEF*
2017-06-22,1869,11602,135383,MEF*
2017-06-22,1870,11602,135380,MEF*
2017-06-06,1871,11602,135092,MEF*
2017-06-06,1872,11602,135110,MIEM*
2017-06-06,1873,11602,135111,MSP*
2017-05-02,1874,11602,134644,MEC*
2017-04-04,1875,11602,134304,MVOTMA*
2017-04-04,1876,11602,134306,MVOTMA*
2017-04-04,1877,11602,134307,MVOTMA*
2017-02-15,1878,11602,133641,MTOP*
2016-12-28,1879,11602,133334,MTOP*
2016-12-28,1880,11602,133347,MTOP*
2018-04-04,1881,2924,139106,MGAP*
2016-05-17,1882,2924,129711,MEF*
2015-07-23,1883,11703,125595,MEC*
2018-11-22,1884,5572,141927,MEF*
2017-07-12,1885,5572,135678,MEF*
2017-07-12,1886,5572,135677,MVOTMA*
2016-04-12,1887,5572,129099,MEF*
2016-11-15,1888,11622,132684,MEF*
2016-04-12,1889,11622,129078,MEF*
2018-06-06,1890,11923,140024,MIDES*
2018-06-06,1891,11923,140026,MSP*
2018-04-11,1892,11923,139202,MEF*
2018-04-04,1893,11923,139117,MTOP*
2017-11-15,1894,11923,137597,MEF*
2017-11-15,1895,11923,137598,MINISTERIO INTERIOR
2017-11-15,1896,11923,137599,MDN*
2017-11-15,1897,11923,137594,MEC*
2017-11-15,1898,11923,137595,MGAP*
2017-11-15,1899,11923,137596,MIEM*
2017-11-15,1900,11923,137603,MIDES*
2017-11-15,1901,11923,137604,MTSS*
2017-11-15,1902,11923,137605,MSP*
2017-11-15,1903,11923,137600,MINISTERIO TURISMO
2017-11-15,1904,11923,137601,MTOP*
2017-11-15,1905,11923,137602,MVOTMA*
2017-11-15,1906,11923,137584,MEF*
2017-11-15,1907,11923,137585,MDN*
2017-11-15,1908,11923,137586,MINISTERIO INTERIOR
2017-11-15,1909,11923,137581,MTOP*
2017-11-15,1910,11923,137582,MINISTERIO TURISMO
2017-11-15,1911,11923,137583,MIEM*
2017-11-15,1912,11923,137591,MTSS*
2017-11-15,1913,11923,137592,MIDES*
2017-11-15,1914,11923,137593,MVOTMA*
2017-11-15,1915,11923,137587,MGAP*
2017-11-15,1916,11923,137589,MEC*
2017-11-15,1917,11923,137590,MSP*
2017-11-14,1918,11923,137485,MSP*
2015-11-17,1919,11923,127418,MSP*
2015-11-17,1920,11923,127430,MEC*
2015-11-17,1921,11923,127432,MDN*
2015-12-01,1922,9889,127663,MDN*
2018-10-02,1923,9972,141425,MSP*
2018-09-11,1924,9972,141203,MSP*
2017-09-05,1925,9972,136525,MTOP*
2017-03-28,1926,9972,134180,MVOTMA*
2016-12-06,1927,9972,133014,MEC*
2016-12-06,1928,9972,133015,MIEM*
2016-10-18,1929,9972,132131,MEC*
2016-10-18,1930,9972,132128,MEC*
2015-07-14,1931,9972,125452,MIEM*
2015-07-01,1932,9972,125239,MSP*
2015-06-16,1933,9972,125019,MSP*
2015-06-16,1934,9972,125022,MSP*
2015-03-03,1935,9972,123482,MSP*
2018-12-04,1936,11589,142044,MSP*
2018-08-14,1937,11589,140784,MINISTERIO INTERIOR
2018-07-31,1938,11589,140651,MINISTERIO INTERIOR
2018-07-03,1939,11589,140347,MIDES*
2018-04-03,1940,11589,139061,MINISTERIO INTERIOR
2018-04-03,1941,11589,139064,MIDES*
2018-03-13,1942,11589,138853,MIDES*
2018-03-06,1943,11589,138688,MINISTERIO INTERIOR
2018-03-06,1944,11589,138693,MEC*
2018-02-07,1945,11589,138372,MGAP*
2017-10-10,1946,11589,137003,MEC*
2017-10-04,1947,11589,136932,MSP*
2017-09-05,1948,11589,136493,MTSS*
2017-05-02,1949,11589,134625,MSP*
2017-03-28,1950,11589,134225,MEC*
2017-03-07,1951,11589,133755,MIEM*
2017-03-07,1952,11589,133754,MIDES*
2017-03-07,1953,11589,133752,MEC*
2017-03-07,1954,11589,133759,MEF*
2017-03-07,1955,11589,133758,MINISTERIO TURISMO
2017-03-07,1956,11589,133757,MVOTMA*
2017-03-07,1957,11589,133741,MSP*
2017-02-15,1958,11589,133617,MSP*
2016-12-06,1959,11589,133009,MIDES*
2016-11-15,1960,11589,132659,MTSS*
2016-10-31,1961,11589,132397,MIEM*
2016-09-26,1962,11589,131812,MEC*
2016-09-06,1963,11589,131486,MEC*
2016-09-06,1964,11589,131468,MDN*
2016-09-06,1965,11589,131492,MVOTMA*
2016-09-06,1966,11589,131465,MGAP*
2016-09-06,1967,11589,131495,MINISTERIO INTERIOR
2016-08-02,1968,11589,131006,MDN*
2016-07-05,1969,11589,130612,MIDES*
2016-06-08,1970,11589,130129,MTSS*
2016-04-13,1971,11589,129115,MINISTERIO INTERIOR
2016-04-06,1972,11589,128946,MVOTMA*
2016-04-05,1973,11589,128897,MDN*
2016-04-05,1974,11589,128889,MSP*
2016-04-05,1975,11589,128880,MEC*
2019-03-29,1976,11709,143061,MEC*
2019-03-29,1977,11709,143062,MSP*
2019-03-06,1978,11709,142572,MIEM*
2019-03-06,1979,11709,142539,MTOP*
2019-03-06,1980,11709,142662,MSP*
2019-03-06,1981,11709,142651,MINISTERIO INTERIOR
2018-12-27,1982,11709,142268,MSP*
2018-12-27,1983,11709,142277,MINISTERIO INTERIOR
2018-12-20,1984,11709,142242,MTOP*
2018-12-14,1985,11709,142184,MDN*
2018-12-14,1986,11709,142183,MSP*
2018-12-14,1987,11709,142186,MIEM*
2018-12-14,1988,11709,142185,MVOTMA*
2018-12-04,1989,11709,142039,MINISTERIO INTERIOR
2018-12-04,1990,11709,142036,MTOP*
2018-11-22,1991,11709,141930,MEF*
2018-11-22,1992,11709,141933,MSP*
2018-10-02,1993,11709,141409,SUPREMA CORTE JUSTICIA
2018-10-02,1994,11709,141421,MINISTERIO INTERIOR
2018-10-02,1995,11709,141424,MVOTMA*
2018-10-02,1996,11709,141419,MGAP*
2018-09-11,1997,11709,141198,MSP*
2018-09-11,1998,11709,141197,MIDES*
2018-09-11,1999,11709,141199,MSP*
2018-09-11,2000,11709,141202,MSP*
2018-09-11,2001,11709,141200,MTOP*
2018-09-05,2002,11709,141146,MDN*
2018-09-05,2003,11709,141148,MEF*
2018-09-04,2004,11709,141108,MINISTERIO INTERIOR
2018-09-04,2005,11709,141106,MSP*
2018-08-14,2006,11709,140801,MSP*
2018-08-14,2007,11709,140802,MDN*
2018-07-31,2008,11709,140632,MINISTERIO INTERIOR
2018-07-31,2009,11709,140628,MRREE*
2018-07-31,2010,11709,140626,MEC*
2018-07-31,2011,11709,140643,MEC*
2018-07-31,2012,11709,140633,MINISTERIO INTERIOR
2018-07-17,2013,11709,140540,MINISTERIO INTERIOR
2018-07-17,2014,11709,140748,MEF*
2018-07-10,2015,11709,140432,MSP*
2017-08-04,2016,12013,136067,MEC*
2017-10-03,2017,11577,136884,MDN*
2015-07-27,2018,11835,125668,MSP*
2018-06-12,2019,10032,140097,MTOP*
2018-06-12,2020,10032,140096,MVOTMA*
2018-06-12,2021,10032,140098,MSP*
2017-09-05,2022,10032,136503,MIEM*
2017-06-07,2023,10032,135161,MVOTMA*
2017-06-07,2024,10032,135149,MINISTERIO INTERIOR
2017-06-07,2025,10032,135156,MTSS*
2017-06-07,2026,10032,135152,MTOP*
2017-06-07,2027,10032,135157,MTOP*
2017-06-07,2028,10032,135159,MDN*
2017-06-07,2029,10032,135158,MVOTMA*
2018-12-20,2030,2735,142234,MSP*
2018-07-04,2031,2735,140360,MTOP*
2018-06-13,2032,2735,140123,MEF*
2017-11-07,2033,2735,137373,MEF*
2017-11-07,2034,2735,137374,OPP*
2017-11-07,2035,2735,137402,MINISTERIO INTERIOR
2017-07-24,2036,2735,135853,MINISTERIO INTERIOR
2016-08-09,2037,2735,131105,MEF*
2016-08-02,2038,2735,131007,MIEM*
2016-08-01,2039,2735,130997,MIEM*
2016-07-06,2040,2735,130636,MVOTMA*
2016-07-06,2041,2735,130637,MTSS*
2016-02-24,2042,2735,128363,MVOTMA*
2016-01-01,2043,2735,128032,MEF*
2016-01-01,2044,2735,128031,MEF*
2016-01-01,2045,2735,128034,MINISTERIO TURISMO
2016-01-01,2046,2735,128033,MIEM*
2016-01-01,2047,2735,128030,MEF*
2016-01-01,2048,2735,128029,MEF*
2015-12-02,2049,2735,127694,MVOTMA*
2015-12-01,2050,2735,127658,MINISTERIO INTERIOR
2015-12-01,2051,2735,127661,MEF*
2015-11-17,2052,2735,127422,MIEM*
2015-11-10,2053,2735,127249,MIDES*
2015-10-11,2054,2735,126904,MVOTMA*
2015-10-11,2055,2735,126905,MTSS*
2015-10-11,2056,2735,126906,MTSS*
2015-09-09,2057,2735,126490,MIEM*
2015-09-09,2058,2735,126488,MIDES*
2015-09-09,2059,2735,126491,MIEM*
2015-09-09,2060,2735,126495,MIEM*
2015-09-09,2061,2735,126492,MEC*
2015-08-12,2062,2735,125927,MEF*
2015-04-14,2063,2735,124111,MVOTMA*
2015-04-07,2064,2735,123971,MIDES*
2018-09-12,2065,11597,141217,MGAP*
2018-09-12,2066,11597,141218,MIEM*
2018-06-26,2067,11597,140224,MEC*
2018-05-15,2068,11597,139715,MINISTERIO INTERIOR
2018-05-15,2069,11597,139717,MIDES*
2018-04-18,2070,11597,139340,MSP*
2018-04-03,2071,11597,139075,MIDES*
2017-06-06,2072,11597,135134,MEC*
2017-05-02,2073,11597,134639,MTSS*
2017-05-02,2074,11597,134641,ONSC*
2017-03-14,2075,11597,133863,MTSS*
2017-03-14,2076,11597,133870,MEF*
2016-11-08,2077,11597,132540,MDN*
2016-11-08,2078,11597,132538,MTSS*
2016-11-08,2079,11597,132537,MINISTERIO INTERIOR
2016-10-31,2080,11597,132402,MINISTERIO INTERIOR
2016-09-06,2081,11597,131485,MDN*
2016-04-05,2082,11597,128901,MTSS*
2016-03-08,2083,11597,128565,MIDES*
2016-03-05,2084,11597,128882,MTSS*
2016-03-05,2085,11597,128906,MTOP*
2016-03-05,2086,11597,128905,MTSS*
2016-02-24,2087,11597,128390,MIEM*
2015-08-04,2088,11597,125733,MSP*
2015-03-11,2089,11597,123625,MEC*
2015-03-10,2090,11597,123590,MEF*
2015-03-10,2091,11597,123590,MVOTMA*
2015-03-10,2092,11597,123590,MIEM*
2015-03-10,2093,11597,123597,MIDES*
2019-03-06,2094,7759,142531,SUPREMA CORTE JUSTICIA
2018-12-27,2095,7759,142273,MVOTMA*
2018-12-05,2096,7759,142070,MGAP*
2018-12-05,2097,7759,142072,MVOTMA*
2018-12-05,2098,7759,142067,MIEM*
2018-12-05,2099,7759,142069,MVOTMA*
2018-12-05,2100,7759,142075,MIEM*
2018-12-05,2101,7759,142076,MIDES*
2018-12-05,2102,7759,142073,MIEM*
2018-11-13,2103,7759,141828,MVOTMA*
2018-10-10,2104,7759,141510,MSP*
2018-09-05,2105,7759,141147,MTOP*
2018-06-06,2106,7759,140025,MEC*
2018-05-15,2107,7759,139706,MIEM*
2018-05-09,2108,7759,139624,MSP*
2018-05-09,2109,7759,139626,MSP*
2018-04-10,2110,7759,139178,MEC*
2018-04-10,2111,7759,139183,MSP*
2018-03-06,2112,7759,138707,MINISTERIO INTERIOR
2017-11-14,2113,7759,137487,SUPREMA CORTE JUSTICIA
2017-11-07,2114,7759,137387,OPP*
2017-10-11,2115,7759,137034,MIEM*
2017-10-11,2116,7759,137035,MDN*
2017-10-11,2117,7759,137036,MIEM*
2017-10-10,2118,7759,137000,MVOTMA*
2017-10-03,2119,7759,136841,MIDES*
2017-10-03,2120,7759,136903,MTOP*
2017-10-03,2121,7759,136909,MTOP*
2017-09-12,2122,7759,136584,MIEM*
2017-06-07,2123,7759,135166,MIEM*
2017-05-09,2124,7759,134755,MSP*
2017-03-17,2125,7759,133756,MGAP*
2016-11-08,2126,7759,132520,MINISTERIO INTERIOR
2016-11-08,2127,7759,132520,SUPREMA CORTE JUSTICIA
2016-11-08,2128,7759,132520,MDN*
2016-10-11,2129,7759,132027,TRIBUNAL CUENTAS
2016-10-11,2130,7759,132035,TRIBUNAL CUENTAS
2016-08-03,2131,7759,131025,MIEM*
2016-08-03,2132,7759,131028,ONSC*
2016-07-06,2133,7759,130631,SUPREMA CORTE JUSTICIA
2016-06-15,2134,7759,130268,MEF*
2019-03-29,2135,11582,143059,MSP*
2019-03-06,2136,11582,142657,MTOP*
2018-10-03,2137,11582,141442,MVOTMA*
2018-09-04,2138,11582,141107,MEF*
2018-09-04,2139,11582,141121,MEC*
2018-09-04,2140,11582,141123,MTSS*
2018-07-31,2141,11582,140627,MIDES*
2018-07-31,2142,11582,140636,ONSC*
2018-06-05,2143,11582,139991,MEF*
2018-02-07,2144,11582,138334,MTOP*
2018-02-07,2145,11582,138337,MVOTMA*
2017-10-17,2146,11582,137125,MVOTMA*
2017-09-06,2147,11582,136535,MIDES*
2017-09-05,2148,11582,136479,MIDES*
2017-09-05,2149,11582,136491,MIDES*
2017-09-05,2150,11582,136492,MIDES*
2017-07-24,2151,11582,135856,MIDES*
2017-07-24,2152,11582,135857,MSP*
2017-07-12,2153,11582,135703,MVOTMA*
2017-03-14,2154,11582,133849,MINISTERIO INTERIOR
2017-03-14,2155,11582,133850,MINISTERIO INTERIOR
2017-03-07,2156,11582,133775,MIDES*
2016-12-28,2157,11582,133346,MIDES*
2016-12-13,2158,11582,133124,MIDES*
2016-10-11,2159,11582,132037,MIDES*
2016-09-06,2160,11582,131520,MIDES*
2016-07-27,2161,11582,130915,MSP*
2016-07-05,2162,11582,130581,MSP*
2016-07-05,2163,11582,130574,MIDES*
2016-07-05,2164,11582,130590,ONSC*
2016-07-05,2165,11582,130587,MIDES*
2016-06-20,2166,11582,130334,MIDES*
2016-06-20,2167,11582,130345,MSP*
2016-06-14,2168,11582,130202,MEC*
2016-06-14,2169,11582,130202,ONSC*
2016-06-14,2170,11582,130202,MTSS*
2016-06-14,2171,11582,130202,MIDES*
2016-06-08,2172,11582,130127,MIDES*
2016-05-31,2173,11582,129955,MIDES*
2016-05-31,2174,11582,129954,MINISTERIO INTERIOR
2016-05-31,2175,11582,129953,MSP*
2016-05-31,2176,11582,129958,MSP*
2016-05-31,2177,11582,129968,MINISTERIO INTERIOR
2019-03-29,2178,5252,143067,MEF*
2019-03-06,2179,5252,142607,MTSS*
2019-03-06,2180,5252,142605,MEF*
2019-03-06,2181,5252,142654,MSP*
2019-03-06,2182,5252,142650,MSP*
2019-03-06,2183,5252,142642,MSP*
2019-03-06,2184,5252,142680,MSP*
2019-03-06,2185,5252,142697,MTSS*
2019-03-06,2186,5252,142674,MEF*
2019-03-06,2187,5252,142672,MTSS*
2019-03-06,2188,5252,142673,MEF*
2018-09-04,2189,5252,141104,MVOTMA*
2018-09-04,2190,5252,141089,MEC*
2018-09-04,2191,5252,141111,MSP*
2018-09-04,2192,5252,141110,MVOTMA*
2018-08-14,2193,5252,140796,MSP*
2018-08-14,2194,5252,140797,MEC*
2018-06-26,2195,5252,140213,MINISTERIO INTERIOR
2018-06-26,2196,5252,140214,MTSS*
2018-06-12,2197,5252,140108,MVOTMA*
2018-05-15,2198,5252,139710,MINISTERIO INTERIOR
2018-05-15,2199,5252,139712,MEF*
2018-05-09,2200,5252,139608,MTSS*
2018-05-09,2201,5252,139609,MTSS*
2018-05-09,2202,5252,139611,MEC*
2018-04-03,2203,5252,139036,MIEM*
2018-04-03,2204,5252,139072,MEC*
2018-04-03,2205,5252,139084,MEC*
2018-02-07,2206,5252,138375,MEF*
2018-02-07,2207,5252,138367,MSP*
2018-02-07,2208,5252,138377,MTSS*
2018-02-07,2209,5252,138402,MIEM*
2018-02-07,2210,5252,138400,MGAP*
2017-12-05,2211,5252,137774,MIEM*
2017-12-05,2212,5252,137772,MIEM*
2017-12-05,2213,5252,137787,MIEM*
2017-12-05,2214,5252,137786,MVOTMA*
2017-10-17,2215,5252,137112,MIEM*
2017-10-03,2216,5252,136842,MSP*
2017-10-03,2217,5252,136845,MIDES*
2018-07-17,2218,11595,140547,MINISTERIO INTERIOR
2018-05-16,2219,11595,139760,MEC*
2017-08-16,2220,11595,136289,MEC*
2017-05-09,2221,11595,134758,MSP*
2016-03-15,2222,11595,128703,MVOTMA*
2016-07-05,2223,8876,130605,MVOTMA*
2016-07-05,2224,8876,130605,MIEM*
2018-10-16,2225,9894,141559,MTOP*
2018-09-04,2226,9894,141095,MIEM*
2018-09-04,2227,9894,141124,MVOTMA*
2018-03-06,2228,9894,138674,SUPREMA CORTE JUSTICIA
2018-03-06,2229,9894,138678,MEC*
2018-03-06,2230,9894,138681,TCA*
2017-11-07,2231,9894,137397,MEC*
2017-11-07,2232,9894,137381,MEC*
2017-07-04,2233,9894,135543,MEC*
2017-06-06,2234,9894,135126,MTOP*
2017-05-10,2235,9894,134777,MEC*
2016-11-08,2236,9894,132522,MEC*
2016-11-08,2237,9894,132525,MEC*
2016-11-01,2238,9894,132521,MEC*
2016-07-12,2239,11801,130712,ONSC*
2015-08-18,2240,10139,126038,MVOTMA*
2015-08-12,2241,10139,125924,MINISTERIO INTERIOR
2015-08-12,2242,10139,125918,MINISTERIO INTERIOR
2015-08-12,2243,10139,125920,MEC*
2015-08-12,2244,10139,125921,MVOTMA*
2018-12-20,2245,9943,142236,MEC*
2018-12-20,2246,9943,142235,MVOTMA*
2018-06-05,2247,9943,139986,MEF*
2019-03-06,2248,11704,142564,MIEM*
2019-03-06,2249,11704,142566,MIEM*
2019-03-06,2250,11704,142557,MEF*
2019-03-06,2251,11704,142558,MEF*
2019-03-06,2252,11704,142570,MTOP*
2019-03-06,2253,11704,142567,MIEM*
2019-03-06,2254,11704,142568,MTOP*
2019-03-06,2255,11704,142540,MTSS*
2019-03-06,2256,11704,142544,MVOTMA*
2019-03-06,2257,11704,142529,MIEM*
2019-03-06,2258,11704,142533,MIDES*
2019-03-06,2259,11704,142554,MIDES*
2019-03-06,2260,11704,142555,MEF*
2019-03-06,2261,11704,142549,MVOTMA*
2019-03-06,2262,11704,142551,MVOTMA*
2019-03-06,2263,11704,142588,MEF*
2019-03-06,2264,11704,142589,MRREE*
2019-03-06,2265,11704,142584,MGAP*
2019-03-06,2266,11704,142587,MIEM*
2019-03-06,2267,11704,142592,MDN*
2019-03-06,2268,11704,142604,OPP*
2019-03-06,2269,11704,142590,MINISTERIO INTERIOR
2019-03-06,2270,11704,142575,MSP*
2019-03-06,2271,11704,142577,MTSS*
2019-03-06,2272,11704,142573,MIEM*
2019-03-06,2273,11704,142574,MEC*
2019-03-06,2274,11704,142582,MEC*
2019-03-06,2275,11704,142580,MTOP*
2019-03-06,2276,11704,142578,MVOTMA*
2019-03-06,2277,11704,142579,MINISTERIO TURISMO
2018-10-16,2278,11704,141550,MEF*
2018-08-14,2279,11704,140785,MTSS*
2018-07-17,2280,11704,140543,MSP*
2018-06-26,2281,11704,140228,MIEM*
2018-06-26,2282,11704,140230,MTSS*
2018-05-09,2283,11704,139616,MEF*
2018-05-09,2284,11704,139615,MEF*
2018-03-07,2285,11704,138755,MIEM*
2018-10-03,2286,4295,141440,MINISTERIO INTERIOR
2015-11-03,2287,2882,127279,MDN*
2016-03-16,2288,11890,128746,MTSS*
2015-03-11,2289,11636,123649,MEF*
2015-03-11,2290,11636,123647,MIEM*
2017-07-24,2291,320,135852,MEF*
2015-12-09,2292,320,127823,SUPREMA CORTE JUSTICIA
2017-06-06,2293,11732,135129,MIEM*
2017-06-06,2294,11732,135098,MSP*
2015-12-21,2295,11732,127992,MVOTMA*
2018-03-06,2296,405,138700,MINISTERIO INTERIOR
2018-03-06,2297,405,138704,MINISTERIO INTERIOR
2018-03-06,2298,405,138737,MDN*
2018-02-07,2299,405,138373,MRREE*
2017-11-15,2300,405,137566,MDN*
2017-11-07,2301,405,137373,MEF*
2017-11-07,2302,405,137374,OPP*
2017-11-07,2303,405,137402,MINISTERIO INTERIOR
2017-11-01,2304,405,137302,MEC*
2017-11-01,2305,405,137281,MVOTMA*
2017-11-01,2306,405,137321,MINISTERIO INTERIOR
2017-11-01,2307,405,137340,MINISTERIO INTERIOR
2017-11-01,2308,405,137325,MEF*
2017-10-03,2309,405,136814,MVOTMA*
2017-10-03,2310,405,136815,MSP*
2017-10-03,2311,405,136816,MVOTMA*
2017-06-22,2312,405,135404,MRREE*
2017-03-07,2313,405,133736,MINISTERIO INTERIOR
2017-03-07,2314,405,133737,MRREE*
2017-03-07,2315,405,133772,MTSS*
2016-12-28,2316,405,133323,MINISTERIO INTERIOR
2016-11-15,2317,405,132687,MRREE*
2016-11-15,2318,405,132685,MRREE*
2016-05-03,2319,405,129403,MTOP*
2016-05-03,2320,405,129372,MTOP*
2016-05-03,2321,405,129407,MEF*
2016-05-03,2322,405,129410,MEC*
2016-05-03,2323,405,129408,MSP*
2016-04-14,2324,405,129402,MRREE*
2016-02-24,2325,405,128395,MDN*
2016-02-24,2326,405,128385,MDN*
2015-12-15,2327,405,127902,MRREE*
2015-12-09,2328,405,127824,MRREE*
2015-11-03,2329,405,127140,MDN*
2015-11-03,2330,405,127135,MGAP*
2015-11-03,2331,405,127155,MGAP*
2015-11-03,2332,405,127159,MINISTERIO INTERIOR
2015-11-03,2333,405,127156,MEF*
2015-10-06,2334,405,126806,MDN*
2015-09-01,2335,405,126283,MDN*
2017-11-08,2336,9902,137424,MIEM*
2017-10-03,2337,9902,136919,MEC*
2019-04-10,2338,7981,143179,MGAP*
2018-12-20,2339,7981,142241,MSP*
2018-12-12,2340,7981,142156,MTOP*
2018-12-04,2341,7981,142042,MGAP*
2018-08-14,2342,7981,140800,MTOP*
2018-06-05,2343,7981,139987,MEC*
2018-04-03,2344,7981,139076,MTOP*
2018-03-14,2345,7981,138870,MDN*
2018-03-06,2346,7981,138944,MGAP*
2018-03-06,2347,7981,138701,MSP*
2017-11-14,2348,7981,137532,MINISTERIO INTERIOR
2017-11-14,2349,7981,137533,SUPREMA CORTE JUSTICIA
2017-10-17,2350,7981,137110,MEC*
2017-08-09,2351,7981,136180,MINISTERIO INTERIOR
2017-08-09,2352,7981,136182,MSP*
2017-08-09,2353,7981,136183,MTOP*
2017-08-01,2354,7981,135979,MINISTERIO INTERIOR
2017-06-28,2355,7981,135478,MTOP*
2017-05-16,2356,7981,134848,MGAP*
2017-05-02,2357,7981,134607,MGAP*
2017-05-02,2358,7981,134606,MINISTERIO INTERIOR
2017-05-02,2359,7981,134608,MIEM*
2017-05-02,2360,7981,134622,MVOTMA*
2017-05-02,2361,7981,134621,MVOTMA*
2017-03-14,2362,7981,133859,MRREE*
2016-12-07,2363,7981,133040,MIDES*
2016-12-06,2364,7981,133000,MTOP*
2016-12-06,2365,7981,132998,MTOP*
2016-12-06,2366,7981,133002,MEC*
2016-12-06,2367,7981,133005,MEF*
2016-12-06,2368,7981,133004,MIDES*
2016-11-24,2369,7981,132840,MINISTERIO INTERIOR
2016-08-01,2370,7981,130987,MTSS*
2016-05-31,2371,7981,129956,MSP*
2016-05-31,2372,7981,129957,MVOTMA*
2016-05-31,2373,7981,129959,MVOTMA*
2016-04-05,2374,7981,128885,MEF*
2016-04-05,2375,7981,128885,MGAP*
2016-03-02,2376,7981,128459,MVOTMA*
2015-12-01,2377,7981,127665,MIEM*
2015-11-10,2378,7981,127251,MEF*
2018-09-05,2379,10034,141139,MVOTMA*
2018-04-10,2380,10034,139176,ONSC*
2018-04-10,2381,10034,139175,MEC*
2017-11-08,2382,10034,137424,MIEM*
2015-04-07,2383,10034,123973,MIDES*
2016-05-03,2384,11623,129373,MIDES*
2016-05-03,2385,11623,129381,MSP*
2016-05-03,2386,11623,129385,MSP*
2015-08-21,2387,11623,126144,MSP*
2015-08-21,2388,11623,126144,MIDES*
2015-07-27,2389,11623,125664,MSP*
2015-07-27,2390,11623,125665,MEC*
2015-04-07,2391,5193,123955,MVOTMA*
2015-04-07,2392,5193,123977,MGAP*
2015-03-03,2393,5193,123449,MTOP*
2019-03-06,2394,9973,142539,MTOP*
2018-12-27,2395,9973,142270,MIEM*
2018-12-27,2396,9973,142272,MTOP*
2018-11-06,2397,9973,141762,MTSS*
2018-09-04,2398,9973,141103,MEF*
2018-05-08,2399,9973,139592,MSP*
2018-04-18,2400,9973,139339,MIDES*
2018-04-10,2401,9973,139180,MGAP*
2018-04-03,2402,9973,139053,MGAP*
2017-11-07,2403,9973,137377,MTOP*
2017-10-03,2404,9973,136865,MTOP*
2017-09-12,2405,9973,136618,MSP*
2017-09-05,2406,9973,136499,MSP*
2017-09-05,2407,9973,136500,MSP*
2017-05-09,2408,9973,134740,MTSS*
2017-05-09,2409,9973,134739,MIDES*
2017-05-09,2410,9973,134742,MEC*
2017-05-09,2411,9973,134747,MIEM*
2017-05-09,2412,9973,134745,MVOTMA*
2017-05-09,2413,9973,134737,MEF*
2017-03-14,2414,9973,133848,MEC*
2017-03-07,2415,9973,133753,MSP*
2016-11-21,2416,9973,132838,MVOTMA*
2016-11-08,2417,9973,132554,MTOP*
2016-09-06,2418,9973,131461,MEF*
2016-08-11,2419,9973,131179,MIEM*
2016-08-01,2420,9973,130992,MEF*
2016-07-06,2421,9973,130633,MIEM*
2016-07-06,2422,9973,130635,MINISTERIO INTERIOR
2016-06-26,2423,9973,140220,MIDES*
2016-05-03,2424,9973,129406,MEC*
2015-11-10,2425,9973,127250,MDN*
2015-11-10,2426,9973,127248,MIEM*
2015-11-03,2427,9973,127119,MVOTMA*
2015-11-03,2428,9973,127125,MIEM*
2015-11-03,2429,9973,127176,MVOTMA*
2015-08-04,2430,9973,125729,MSP*
2015-04-07,2431,9973,123982,MEF*
2015-04-07,2432,9973,123989,MIEM*
2019-03-06,2433,11580,142660,MTOP*
2017-05-10,2434,11580,134775,MTSS*
2017-03-28,2435,11580,134196,MVOTMA*
2017-03-07,2436,11580,133728,MEF*
2017-03-07,2437,11580,133729,MIEM*
2016-09-07,2438,11580,131551,MEC*
2018-09-18,2439,9966,141288,MTSS*
2018-09-12,2440,9966,141223,MTSS*
2016-10-18,2441,9966,132106,MIDES*
2016-06-07,2442,9966,130078,MIEM*
2016-06-07,2443,9966,130081,MGAP*
