fecha,id,id_legislador,id_proyecto
2018-03-09,0,9891,138818
2017-12-06,1,9891,137830
2017-11-07,2,9891,137375
2017-06-13,3,9891,135267
2017-04-27,4,9891,134583
2016-11-14,5,9891,132654
2016-10-27,6,9891,132308
2016-03-08,7,9891,128594
2015-11-03,8,9891,127178
2015-10-06,9,9891,126823
2015-07-14,10,9891,125462
2015-06-02,11,9891,124777
2015-05-11,12,9891,124439
2015-03-24,13,9891,123873
2016-12-14,14,5146,133188
2016-11-22,15,5146,132804
2016-11-01,16,5146,132477
2016-10-18,17,5146,132117
2016-10-18,18,5146,132114
2016-10-14,19,5146,132139
2016-09-27,20,5146,131836
2016-08-03,21,5146,131029
2016-07-13,22,5146,130766
2016-06-15,23,5146,130280
2016-05-18,24,5146,129742
2016-03-08,25,5146,128594
2016-03-02,26,5146,128446
2016-02-16,27,5146,128332
2015-11-10,28,5146,127268
2015-08-12,29,5146,125989
2015-07-14,30,5146,125462
2015-07-01,31,5146,125290
2015-07-01,32,5146,125289
2015-07-01,33,5146,125291
2015-07-01,34,5146,125293
2015-07-01,35,5146,125292
2015-06-16,36,5146,125014
2015-06-16,37,5146,125018
2015-06-10,38,5146,124969
2015-06-01,39,5146,125265
2015-04-15,40,5146,125032
2015-04-14,41,5146,124090
2015-04-07,42,5146,123986
2015-04-07,43,5146,123992
2015-04-15,44,2743,125032
2015-05-26,45,8883,124827
2019-04-09,46,1044,143144
2018-05-10,47,1044,139714
2017-12-06,48,1044,137830
2017-11-15,49,1044,137709
2017-11-07,50,1044,137375
2017-10-03,51,1044,136846
2017-08-09,52,1044,136210
2017-06-13,53,1044,135267
2017-05-16,54,1044,134851
2017-04-27,55,1044,134583
2017-03-08,56,1044,133794
2016-11-30,57,1044,132939
2016-11-01,58,1044,132470
2016-11-01,59,1044,132477
2016-10-04,60,1044,131924
2016-09-13,61,1044,131639
2016-08-03,62,1044,131046
2016-07-21,63,1044,130857
2016-05-24,64,1044,130529
2016-05-17,65,1044,129690
2016-05-17,66,1044,129710
2016-05-04,67,1044,129450
2016-04-26,68,1044,129292
2016-03-29,69,1044,128824
2016-03-16,70,1044,128759
2016-03-02,71,1044,128447
2015-11-03,72,1044,127178
2015-09-16,73,1044,126602
2015-06-16,74,1044,125014
2015-04-13,75,1044,129125
2018-07-10,76,10282,140424
2016-10-27,77,10282,132308
2016-09-14,78,10282,131814
2015-12-15,79,10282,127929
2015-09-15,80,10282,126577
2018-12-05,81,9913,142063
2018-11-14,82,9913,141848
2018-07-04,83,9913,140359
2017-11-01,84,9913,137324
2017-10-11,85,9913,137048
2017-10-10,86,9913,137051
2017-06-13,87,9913,135251
2017-05-10,88,9913,134770
2017-03-15,89,9913,133923
2016-10-14,90,9913,132139
2016-08-03,91,9913,131029
2016-07-13,92,9913,130766
2016-04-06,93,9913,128973
2019-04-02,94,759,143084
2018-12-05,95,759,142063
2016-09-27,96,759,131836
2016-06-15,97,759,130280
2019-03-13,98,11524,142562
2018-12-19,99,11524,142226
2018-04-09,100,11524,139152
2018-03-09,101,11524,138818
2017-08-09,102,11524,136210
2017-06-13,103,11524,135267
2017-04-27,104,11524,134583
2016-11-30,105,11524,132925
2016-11-15,106,11524,132672
2016-11-14,107,11524,132655
2016-07-06,108,11524,130645
2016-07-06,109,11524,130647
2016-06-07,110,11524,130103
2016-05-05,111,11524,129486
2016-03-08,112,11524,128594
2015-10-06,113,11524,126823
2015-09-11,114,11524,126518
2015-03-24,115,11524,123873
2019-05-14,116,9900,143583
2019-05-14,117,9900,143593
2019-05-14,118,9900,143567
2019-05-14,119,9900,143568
2019-05-14,120,9900,143602
2019-05-14,121,9900,143603
2019-05-14,122,9900,143600
2019-05-14,123,9900,143601
2019-04-09,124,9900,143144
2019-04-08,125,9900,143141
2019-04-02,126,9900,143084
2018-12-05,127,9900,142063
2018-11-14,128,9900,141848
2018-10-09,129,9900,141494
2018-08-01,130,9900,140668
2018-07-10,131,9900,140425
2018-05-08,132,9900,139576
2018-05-02,133,9900,139480
2018-03-06,134,9900,138643
2017-12-06,135,9900,137830
2017-11-22,136,9900,137658
2017-11-14,137,9900,137519
2017-11-07,138,9900,137375
2017-11-01,139,9900,137300
2017-10-10,140,9900,137051
2017-07-12,141,9900,135668
2017-07-12,142,9900,135674
2017-06-29,143,9900,135482
2017-06-27,144,9900,135458
2017-06-07,145,9900,135165
2017-06-05,146,9900,135085
2017-06-05,147,9900,135084
2017-05-16,148,9900,134850
2017-05-10,149,9900,134776
2017-04-26,150,9900,134536
2017-04-05,151,9900,134340
2017-04-04,152,9900,134288
2017-03-14,153,9900,133875
2016-11-30,154,9900,132929
2016-11-22,155,9900,132804
2019-04-02,156,8267,143084
2018-11-14,157,8267,141848
2018-10-09,158,8267,141494
2017-07-12,159,8267,135668
2017-06-07,160,8267,135165
2016-11-30,161,8267,132929
2016-11-22,162,8267,132804
2016-09-27,163,8267,131836
2016-06-08,164,8267,130145
2016-03-08,165,8267,128594
2016-03-02,166,8267,128446
2015-12-15,167,8267,127930
2015-11-10,168,8267,127268
2015-07-01,169,8267,125290
2015-07-01,170,8267,125289
2015-07-01,171,8267,125291
2015-07-01,172,8267,125293
2015-07-01,173,8267,125292
2015-06-10,174,8267,124969
2015-06-01,175,8267,125265
2018-02-07,176,5131,138322
2017-11-14,177,5131,137539
2017-10-26,178,5131,137238
2017-08-09,179,5131,136210
2017-06-13,180,5131,135267
2016-11-01,181,5131,132481
2016-05-24,182,5131,130529
2016-03-16,183,5131,128759
2016-03-08,184,5131,128594
2015-12-15,185,5131,127929
2015-12-15,186,5131,127931
2015-06-10,187,5131,124969
2017-04-04,188,414,134288
2019-02-12,189,922,142491
2018-12-05,190,922,142063
2018-11-22,191,922,141926
2018-07-10,192,922,140424
2018-05-22,193,922,139802
2018-04-04,194,922,139128
2018-02-21,195,922,138468
2018-02-09,196,922,138413
2018-02-07,197,922,138322
2017-12-20,198,922,137988
2017-12-06,199,922,137830
2017-11-15,200,922,137606
2017-11-14,201,922,137535
2017-11-08,202,922,137427
2017-11-07,203,922,137375
2017-08-09,204,922,136210
2017-07-12,205,922,135674
2017-07-12,206,922,135696
2017-07-05,207,922,135589
2017-06-27,208,922,135458
2017-06-13,209,922,135253
2017-06-13,210,922,135267
2017-06-05,211,922,135084
2017-06-05,212,922,135085
2017-04-18,213,922,134381
2017-03-14,214,922,133874
2017-02-07,215,922,133569
2016-12-21,216,922,133260
2016-11-23,217,922,132827
2016-11-14,218,922,132647
2016-11-14,219,922,132655
2016-10-04,220,922,131924
2016-10-03,221,922,131898
2016-09-13,222,922,131639
2016-07-12,223,922,130719
2016-06-15,224,922,130248
2016-06-15,225,922,130547
2016-06-08,226,922,130149
2016-06-06,227,922,130072
2016-06-06,228,922,130074
2015-06-16,229,7354,125010
2015-06-16,230,7354,125009
2018-12-05,231,10003,142063
2017-12-19,232,10003,137958
2017-12-06,233,10003,137830
2017-08-09,234,10003,136210
2017-06-13,235,10003,135267
2017-04-27,236,10003,134583
2017-04-05,237,10003,134340
2016-11-30,238,10003,132925
2016-10-27,239,10003,132308
2016-09-14,240,10003,131814
2015-12-15,241,10003,127929
2015-11-03,242,10003,127178
2015-10-06,243,10003,126823
2015-09-11,244,10003,126518
2015-06-18,245,10003,125087
2015-06-17,246,10003,125053
2015-06-16,247,10003,125024
2015-06-16,248,10003,125025
2015-03-03,249,10003,123532
2018-12-14,250,598,142181
2018-11-13,251,598,141815
2018-06-06,252,598,140068
2018-03-14,253,598,138873
2018-03-13,254,598,138855
2018-03-09,255,598,138818
2018-02-21,256,598,138471
2017-12-06,257,598,137830
2017-10-03,258,598,136846
2017-09-05,259,598,136527
2017-08-01,260,598,135993
2016-11-30,261,598,132925
2016-10-27,262,598,132308
2016-09-14,263,598,131814
2015-11-03,264,598,127178
2015-09-15,265,598,126567
2015-08-12,266,598,125989
2015-08-04,267,598,125745
2015-07-15,268,598,125513
2015-06-01,269,598,124753
2015-03-17,270,598,123750
2015-03-04,271,598,123525
2015-03-03,272,598,123450
2015-03-03,273,598,123493
2015-03-03,274,598,123494
2017-12-06,275,277,137830
2017-11-07,276,277,137375
2017-11-01,277,277,137300
2017-07-12,278,277,135668
2017-06-29,279,277,135482
2017-06-07,280,277,135165
2017-05-16,281,277,134850
2017-04-04,282,277,134288
2017-03-03,283,277,133711
2016-11-30,284,277,132929
2016-11-22,285,277,132804
2016-11-14,286,277,132655
2016-10-18,287,277,132117
2016-10-18,288,277,132114
2016-08-03,289,277,131029
2016-06-15,290,277,130280
2016-03-02,291,277,128446
2016-02-16,292,277,128332
2015-11-10,293,277,127268
2015-08-10,294,277,125874
2015-07-01,295,277,125290
2015-07-01,296,277,125289
2015-07-01,297,277,125291
2015-07-01,298,277,125293
2015-07-01,299,277,125292
2015-06-10,300,277,124969
2015-04-15,301,277,125032
2017-08-09,302,11531,136210
2019-04-10,303,6900,143192
2019-04-09,304,6900,143144
2019-03-13,305,6900,142562
2019-03-11,306,6900,142699
2019-02-12,307,6900,142491
2018-12-05,308,6900,142060
2018-11-22,309,6900,141926
2018-11-12,310,6900,141809
2018-07-10,311,6900,140424
2018-07-10,312,6900,140425
2018-06-18,313,6900,140161
2018-06-12,314,6900,140077
2018-04-17,315,6900,139308
2018-03-09,316,6900,138818
2018-03-06,317,6900,138686
2018-02-07,318,6900,138322
2017-12-06,319,6900,137830
2017-12-05,320,6900,137800
2017-11-21,321,6900,137648
2017-11-15,322,6900,137606
2017-11-14,323,6900,137535
2017-08-09,324,6900,136210
2017-07-12,325,6900,135674
2017-07-04,326,6900,135553
2017-06-27,327,6900,135458
2017-06-13,328,6900,135267
2017-06-05,329,6900,135084
2017-06-05,330,6900,135085
2017-04-27,331,6900,134583
2017-04-26,332,6900,134536
2016-11-30,333,6900,132925
2016-10-06,334,6900,131983
2016-09-14,335,6900,131814
2016-09-13,336,6900,131639
2016-07-20,337,6900,130844
2016-06-14,338,6900,130226
2016-04-12,339,6900,129090
2016-03-08,340,6900,128594
2015-12-15,341,6900,127929
2015-12-08,342,6900,127766
2019-02-15,343,7604,142497
2018-10-24,344,7604,141631
2018-06-06,345,7604,140034
2018-05-09,346,7604,139623
2018-05-02,347,7604,139480
2018-04-17,348,7604,139316
2018-03-06,349,7604,138666
2018-03-06,350,7604,138667
2018-03-06,351,7604,138669
2017-04-04,352,7604,134310
2016-12-28,353,7604,133349
2016-12-13,354,7604,133163
2016-12-06,355,7604,133025
2016-10-19,356,7604,132179
2016-09-06,357,7604,131517
2016-04-06,358,7604,128973
2015-08-04,359,7604,125764
2015-08-04,360,7604,125765
2015-07-01,361,7604,125256
2015-06-10,362,7604,124969
2019-03-13,363,8584,142562
2018-10-16,364,8584,141548
2018-06-12,365,8584,140095
2018-02-08,366,8584,138412
2017-11-14,367,8584,137525
2017-10-10,368,8584,137016
2017-10-10,369,8584,137017
2017-09-13,370,8584,136681
2017-06-06,371,8584,135121
2017-05-16,372,8584,134856
2017-05-16,373,8584,134860
2017-04-04,374,8584,134313
2016-12-28,375,8584,133330
2016-12-07,376,8584,133071
2016-09-14,377,8584,131661
2016-07-05,378,8584,130608
2016-05-03,379,8584,129429
2016-05-03,380,8584,129428
2015-12-15,381,8584,127929
2015-12-15,382,8584,127931
2015-11-17,383,8584,127438
2015-11-10,384,8584,127266
2015-08-18,385,8584,126052
2015-06-10,386,8584,124969
2015-05-12,387,8584,124476
2015-05-12,388,8584,124478
2015-04-07,389,8584,123959
2015-03-17,390,8584,123750
2015-03-04,391,8584,123529
2015-03-04,392,8584,123524
2015-03-04,393,8584,123530
2015-03-04,394,8584,123542
2015-03-04,395,8584,123531
2019-05-14,396,10209,143583
2019-05-14,397,10209,143593
2019-05-14,398,10209,143567
2019-05-14,399,10209,143568
2019-05-14,400,10209,143602
2019-05-14,401,10209,143603
2019-05-14,402,10209,143600
2019-05-14,403,10209,143601
2019-04-09,404,10209,143144
2019-04-08,405,10209,143141
2018-12-05,406,10209,142063
2018-11-14,407,10209,141848
2018-10-09,408,10209,141494
2018-08-01,409,10209,140668
2018-07-10,410,10209,140425
2018-07-10,411,10209,140424
2018-05-08,412,10209,139576
2018-05-02,413,10209,139480
2018-04-03,414,10209,139089
2018-03-13,415,10209,138859
2018-03-13,416,10209,138863
2018-03-13,417,10209,138864
2018-03-06,418,10209,138643
2017-12-06,419,10209,137830
2017-11-22,420,10209,137658
2017-11-14,421,10209,137519
2017-11-07,422,10209,137375
2017-11-01,423,10209,137300
2017-10-11,424,10209,137048
2017-10-10,425,10209,137051
2018-07-10,426,9969,140424
2018-07-10,427,9969,140425
2018-05-11,428,9969,139681
2017-12-05,429,9969,137770
2017-11-07,430,9969,137375
2017-08-09,431,9969,136210
2016-06-22,432,9969,130405
2016-05-24,433,9969,130529
2016-03-16,434,9969,128759
2016-03-08,435,9969,128594
2016-03-02,436,9969,128447
2015-12-15,437,9969,127929
2015-12-15,438,9969,127931
2015-11-04,439,9969,127196
2015-09-01,440,9969,126305
2015-07-14,441,9969,125462
2015-06-01,442,9969,125265
2015-05-05,443,509,124397
2017-12-06,444,5304,137830
2017-05-11,445,5304,134793
2019-04-09,446,3157,143144
2019-04-08,447,3157,143141
2019-04-02,448,3157,143084
2018-12-05,449,3157,142063
2018-11-14,450,3157,141848
2018-10-09,451,3157,141494
2018-08-01,452,3157,140668
2018-07-10,453,3157,140424
2018-06-18,454,3157,140161
2018-05-08,455,3157,139576
2018-05-02,456,3157,139480
2018-04-03,457,3157,139089
2018-03-06,458,3157,138643
2019-04-09,459,3948,143144
2019-03-13,460,3948,142562
2018-12-05,461,3948,142063
2018-07-10,462,3948,140424
2018-06-12,463,3948,140077
2018-05-10,464,3948,139714
2018-04-09,465,3948,139152
2018-03-09,466,3948,138818
2018-02-20,467,3948,138450
2017-12-19,468,3948,137958
2017-12-06,469,3948,137830
2017-12-05,470,3948,137800
2017-11-08,471,3948,137427
2017-11-07,472,3948,137375
2017-10-03,473,3948,136846
2017-08-09,474,3948,136210
2017-06-13,475,3948,135267
2017-04-27,476,3948,134583
2017-03-08,477,3948,133794
2017-03-03,478,3948,133711
2016-11-30,479,3948,132939
2016-11-01,480,3948,132470
2016-11-01,481,3948,132477
2016-09-14,482,3948,131814
2016-09-13,483,3948,131639
2016-08-23,484,3948,131385
2016-06-15,485,3948,130547
2016-06-08,486,3948,130149
2016-05-24,487,3948,130529
2016-05-18,488,3948,129868
2016-05-17,489,3948,129690
2016-05-17,490,3948,129710
2016-05-04,491,3948,129450
2016-03-08,492,3948,128594
2016-03-02,493,3948,128447
2015-12-15,494,3948,127929
2015-12-15,495,3948,127931
2015-11-17,496,3948,127429
2015-11-03,497,3948,127178
2015-10-27,498,3948,127066
2018-11-22,499,9927,141950
2018-09-13,500,9927,141227
2018-03-06,501,9927,138675
2017-10-17,502,9927,137133
2017-08-16,503,9927,136290
2017-08-16,504,9927,136291
2017-05-02,505,9927,134634
2017-05-02,506,9927,134626
2017-03-14,507,9927,133860
2015-11-10,508,9927,127265
2015-03-17,509,9927,123755
2015-03-17,510,9927,123760
2015-03-10,511,9927,123599
2015-03-10,512,9927,123600
2018-10-09,513,11383,141494
2018-08-01,514,11383,140668
2018-07-17,515,11383,140544
2018-07-10,516,11383,140424
2018-04-03,517,11383,139089
2018-03-13,518,11383,138859
2018-03-13,519,11383,138863
2018-03-13,520,11383,138864
2018-03-06,521,11383,138643
2018-02-07,522,11383,138322
2017-12-06,523,11383,137830
2017-11-22,524,11383,137658
2017-11-15,525,11383,137606
2017-11-15,526,11383,137709
2017-11-14,527,11383,137519
2017-11-07,528,11383,137375
2017-11-01,529,11383,137300
2017-10-03,530,11383,136846
2017-08-09,531,11383,136210
2017-07-12,532,11383,135668
2017-05-16,533,11383,134850
2017-05-10,534,11383,134776
2017-04-05,535,11383,134340
2017-04-04,536,11383,134288
2017-03-14,537,11383,133875
2017-03-08,538,11383,133794
2016-11-30,539,11383,132929
2016-11-22,540,11383,132804
2016-10-18,541,11383,132114
2016-10-18,542,11383,132117
2016-10-04,543,11383,131924
2016-09-27,544,11383,131836
2016-08-03,545,11383,131029
2016-07-13,546,11383,130766
2016-06-15,547,11383,130280
2016-06-15,548,11383,130547
2016-06-08,549,11383,130145
2016-05-18,550,11383,129868
2016-05-17,551,11383,129710
2016-03-02,552,11383,128446
2015-06-29,553,7737,125217
2015-06-16,554,7737,125009
2015-06-16,555,7737,125010
2015-06-02,556,7737,124777
2015-03-24,557,7737,123873
2015-02-27,558,7737,123409
2017-09-13,559,9964,136681
2017-09-12,560,9964,136614
2017-05-02,561,9964,134626
2017-04-26,562,9964,134536
2017-03-14,563,9964,133858
2016-09-14,564,9964,131659
2016-09-14,565,9964,131660
2016-09-13,566,9964,131643
2016-08-16,567,9964,131238
2016-08-02,568,9964,131005
2016-07-05,569,9964,130611
2016-03-16,570,9964,128759
2016-03-09,571,9964,128611
2015-12-09,572,9964,127834
2015-11-04,573,9964,127196
2015-11-03,574,9964,127178
2015-07-14,575,9964,125462
2015-05-11,576,10000,124439
2017-10-11,577,9997,137048
2017-04-04,578,9997,134288
2016-11-30,579,9997,132929
2016-10-18,580,9997,132114
2016-10-18,581,9997,132117
2015-11-10,582,9997,127268
2018-07-04,583,11525,140359
2018-06-06,584,11525,140035
2017-12-14,585,11525,137937
2017-10-03,586,11525,136899
2017-10-03,587,11525,136900
2017-06-13,588,11525,135260
2017-06-13,589,11525,135251
2017-03-15,590,11525,133923
2017-03-15,591,11525,133915
2015-11-17,592,11525,127443
2015-11-10,593,11525,127270
2019-03-13,594,260,142562
2018-12-04,595,260,142054
2018-12-04,596,260,142043
2018-11-22,597,260,141921
2018-11-06,598,260,141756
2018-10-16,599,260,141546
2018-09-13,600,260,141227
2018-09-04,601,260,141076
2018-09-04,602,260,141075
2018-07-17,603,260,140535
2018-06-05,604,260,139992
2018-06-05,605,260,140003
2018-03-09,606,260,138818
2017-12-14,607,260,137937
2017-10-10,608,260,137017
2017-06-22,609,260,135389
2017-04-04,610,260,134313
2017-04-04,611,260,134318
2017-03-15,612,260,133923
2017-03-03,613,260,133711
2017-02-15,614,260,133598
2016-09-13,615,260,131635
2016-05-17,616,260,129710
2016-05-03,617,260,129429
2016-05-03,618,260,129434
2016-05-03,619,260,129435
2016-04-06,620,260,128940
2016-03-16,621,260,128771
2015-12-21,622,260,127996
2015-11-17,623,260,127438
2015-09-11,624,260,126518
2015-09-01,625,260,126284
2015-07-15,626,260,125515
2015-07-08,627,260,125369
2015-07-08,628,260,125371
2015-06-18,629,260,125087
2015-04-15,630,260,124149
2015-04-07,631,260,123946
2015-03-03,632,260,123532
2015-02-15,633,260,123447
2018-12-05,634,2965,142063
2018-09-07,635,2965,141176
2018-07-10,636,2965,140424
2018-04-09,637,2965,139152
2018-03-09,638,2965,138818
2018-01-30,639,2965,138216
2017-10-11,640,2965,137037
2017-08-09,641,2965,136210
2017-06-13,642,2965,135267
2017-04-27,643,2965,134583
2016-10-27,644,2965,132308
2016-09-14,645,2965,131814
2016-03-08,646,2965,128594
2015-12-15,647,2965,127929
2015-11-11,648,2965,127299
2015-10-06,649,2965,126823
2015-09-11,650,2965,126518
2015-08-26,651,2965,126183
2015-07-14,652,2965,125462
2015-06-01,653,2965,125265
2015-03-24,654,2965,123873
2017-11-01,655,7891,137300
2017-07-12,656,7891,135668
2017-07-12,657,7891,135674
2017-04-04,658,7891,134288
2016-07-13,659,7891,130766
2015-07-01,660,7891,125289
2015-07-01,661,7891,125291
2015-07-01,662,7891,125290
2015-07-01,663,7891,125293
2015-07-01,664,7891,125292
2019-04-08,665,9689,143141
2017-10-11,666,9689,137048
2017-10-10,667,9689,137051
2018-12-05,668,11529,142063
2017-04-04,669,11529,134288
2016-07-13,670,11529,130766
2019-03-13,671,197,142562
2018-04-20,672,197,139373
2018-04-09,673,197,139152
2018-04-04,674,197,139128
2018-03-21,675,197,139042
2018-03-09,676,197,138818
2017-12-21,677,197,138027
2017-12-06,678,197,137830
2017-12-06,679,197,137845
2017-11-15,680,197,137709
2017-11-14,681,197,137535
2017-11-07,682,197,137375
2017-08-09,683,197,136210
2017-07-12,684,197,135674
2017-06-13,685,197,135231
2017-06-13,686,197,135267
2017-05-09,687,197,134730
2017-04-28,688,197,134587
2017-03-03,689,197,133711
2016-11-30,690,197,132925
2016-11-23,691,197,132827
2016-11-01,692,197,132477
2016-10-27,693,197,132308
2016-09-14,694,197,131814
2016-09-13,695,197,131639
2016-05-17,696,197,129710
2016-03-08,697,197,128594
2016-01-19,698,197,128171
2015-12-15,699,197,127929
2015-12-15,700,197,127931
2015-09-16,701,197,126602
2015-09-16,702,197,126603
2015-09-11,703,197,126518
2015-08-05,704,197,125838
2015-06-16,705,197,125009
2015-06-16,706,197,125010
2015-03-24,707,197,123873
2018-04-09,708,5167,139152
2018-03-09,709,5167,138818
2017-08-09,710,5167,136210
2017-06-13,711,5167,135267
2017-04-27,712,5167,134583
2017-03-23,713,5167,134073
2017-02-15,714,5167,133642
2016-11-30,715,5167,132925
2016-10-27,716,5167,132308
2016-10-18,717,5167,132138
2016-09-14,718,5167,131814
2016-03-08,719,5167,128592
2016-03-08,720,5167,128594
2016-02-15,721,5167,128330
2016-02-02,722,5167,128297
2015-10-06,723,5167,126823
2015-08-19,724,5167,126122
2015-07-14,725,5167,125462
2015-03-24,726,5167,123873
2019-05-14,727,10001,143583
2019-05-14,728,10001,143593
2019-05-14,729,10001,143567
2019-05-14,730,10001,143568
2019-05-14,731,10001,143602
2019-05-14,732,10001,143603
2019-05-14,733,10001,143600
2019-05-14,734,10001,143601
2018-12-05,735,10001,142063
2018-11-14,736,10001,141848
2018-10-09,737,10001,141494
2018-08-01,738,10001,140668
2018-05-08,739,10001,139576
2018-05-02,740,10001,139480
2018-04-03,741,10001,139089
2018-03-13,742,10001,138859
2018-03-13,743,10001,138863
2018-03-13,744,10001,138864
2018-02-07,745,10001,138322
2017-12-06,746,10001,137830
2017-11-22,747,10001,137658
2017-11-14,748,10001,137519
2017-11-07,749,10001,137375
2017-11-01,750,10001,137300
2017-10-11,751,10001,137048
2017-10-10,752,10001,137051
2017-08-09,753,10001,136210
2017-06-29,754,10001,135482
2017-06-07,755,10001,135165
2017-05-16,756,10001,134850
2017-05-10,757,10001,134776
2017-04-05,758,10001,134340
2017-04-04,759,10001,134288
2017-03-14,760,10001,133875
2016-11-30,761,10001,132929
2016-10-14,762,10001,132139
2018-10-09,763,7740,141497
2018-09-13,764,7740,141227
2018-07-17,765,7740,140535
2018-06-05,766,7740,140003
2018-03-09,767,7740,138818
2017-12-05,768,7740,137785
2017-08-09,769,7740,136188
2017-05-16,770,7740,134856
2017-05-10,771,7740,134769
2017-05-09,772,7740,134752
2017-03-15,773,7740,133923
2016-11-08,774,7740,132545
2016-09-13,775,7740,131635
2016-08-11,776,7740,131177
2016-06-07,777,7740,130179
2016-05-03,778,7740,129429
2016-03-08,779,7740,128594
2015-12-08,780,7740,127769
2015-11-17,781,7740,127438
2015-09-01,782,7740,126284
2015-08-05,783,7740,125820
2015-08-04,784,7740,125760
2015-06-16,785,7740,125024
2015-06-16,786,7740,125025
2015-04-13,787,7740,124528
2015-04-07,788,7740,123946
2015-03-03,789,7740,123532
2019-03-11,790,4500,142699
2018-07-10,791,4500,140424
2018-03-09,792,4500,138818
2018-02-20,793,4500,138454
2018-02-19,794,4500,138434
2017-12-06,795,4500,137830
2017-12-05,796,4500,137773
2017-11-28,797,4500,137718
2017-11-28,798,4500,137720
2017-11-14,799,4500,137499
2017-11-14,800,4500,137535
2017-09-26,801,4500,136766
2017-08-09,802,4500,136210
2017-06-13,803,4500,135267
2017-04-27,804,4500,134583
2016-11-30,805,4500,132925
2016-10-27,806,4500,132308
2016-09-14,807,4500,131814
2016-04-06,808,4500,128969
2016-04-06,809,4500,128970
2016-04-06,810,4500,128968
2016-04-06,811,4500,128966
2016-04-06,812,4500,128967
2016-04-06,813,4500,128976
2016-04-06,814,4500,128977
2016-04-06,815,4500,128975
2016-04-06,816,4500,128971
2016-04-06,817,4500,128974
2016-03-08,818,4500,128594
2015-12-08,819,4500,127769
2015-10-06,820,4500,126823
2015-07-14,821,4500,125462
2015-06-16,822,4500,125010
2015-06-08,823,4500,124889
2015-04-07,824,4500,123992
2018-11-22,825,2873,141921
2018-11-06,826,2873,141758
2018-04-23,827,2873,139021
2018-02-07,828,2873,138371
2017-11-07,829,2873,137399
2017-02-15,830,2873,133598
2016-12-07,831,2873,133055
2016-09-13,832,2873,131635
2016-09-06,833,2873,131519
2015-10-06,834,2873,126859
2015-09-11,835,2873,126518
2015-04-07,836,2873,123946
2015-03-03,837,2873,123532
2016-11-30,838,2887,132929
2019-03-29,839,6839,143045
2017-12-06,840,6839,137831
2017-10-10,841,6839,137017
2017-07-24,842,6839,135870
2016-05-03,843,6839,129429
2015-12-01,844,6839,127676
2015-11-17,845,6839,127426
2015-11-11,846,6839,127303
2015-07-08,847,6839,125371
2015-06-17,848,6839,125054
2017-05-10,849,6661,134776
2017-03-14,850,6661,133875
2016-07-13,851,6661,130766
2018-03-09,852,9982,138818
2016-09-14,853,9982,131814
2015-12-15,854,9982,127929
2019-05-14,855,10008,143593
2019-05-14,856,10008,143583
2019-05-14,857,10008,143567
2019-05-14,858,10008,143600
2019-05-14,859,10008,143603
2019-05-14,860,10008,143602
2019-05-14,861,10008,143601
2017-11-22,862,10008,137658
2017-07-12,863,10008,135668
2017-06-29,864,10008,135482
2016-10-18,865,10008,132114
2016-10-18,866,10008,132117
2016-09-27,867,10008,131836
2016-06-15,868,10008,130280
2015-07-01,869,10008,125290
2015-07-01,870,10008,125289
2015-07-01,871,10008,125291
2015-07-01,872,10008,125293
2015-07-01,873,10008,125292
2019-05-08,874,11526,143492
2018-12-05,875,11526,142065
2018-10-24,876,11526,141631
2018-09-19,877,11526,141316
2018-09-04,878,11526,141115
2019-05-14,879,408,143583
2019-05-14,880,408,143593
2019-05-14,881,408,143567
2019-05-14,882,408,143568
2019-05-14,883,408,143602
2019-05-14,884,408,143603
2019-05-14,885,408,143600
2019-05-14,886,408,143601
2018-11-22,887,408,141926
2018-11-14,888,408,141848
2018-08-01,889,408,140668
2018-07-17,890,408,140544
2018-05-10,891,408,139714
2018-05-08,892,408,139576
2018-05-02,893,408,139480
2018-03-06,894,408,138643
2017-12-06,895,408,137830
2017-11-22,896,408,137658
2017-11-21,897,408,137715
2017-11-14,898,408,137519
2017-11-07,899,408,137375
2017-07-12,900,408,135668
2017-07-12,901,408,135674
2017-06-29,902,408,135482
2017-06-27,903,408,135458
2017-06-07,904,408,135165
2017-06-05,905,408,135084
2017-06-05,906,408,135085
2017-05-16,907,408,134850
2017-05-10,908,408,134776
2017-04-26,909,408,134536
2017-04-05,910,408,134340
2017-04-04,911,408,134288
2017-03-14,912,408,133875
2016-11-30,913,408,132929
2016-11-22,914,408,132804
2016-10-18,915,408,132114
2016-10-18,916,408,132117
2016-08-03,917,408,131029
2016-07-13,918,408,130766
2019-03-25,919,327,143026
2019-02-14,920,327,142492
2018-12-05,921,327,142063
2018-11-22,922,327,141926
2018-08-15,923,327,140834
2018-07-10,924,327,140424
2018-07-10,925,327,140425
2018-06-18,926,327,140161
2018-06-14,927,327,140181
2018-06-14,928,327,140183
2018-05-10,929,327,139714
2018-02-07,930,327,138320
2018-02-07,931,327,138322
2017-11-15,932,327,137606
2017-11-15,933,327,137709
2017-11-14,934,327,137535
2017-11-13,935,327,137470
2017-11-13,936,327,137468
2017-11-13,937,327,137474
2017-11-13,938,327,137476
2017-11-13,939,327,137475
2017-11-08,940,327,137427
2017-11-07,941,327,137375
2017-10-03,942,327,136846
2017-08-09,943,327,136210
2017-07-12,944,327,135672
2017-07-12,945,327,135674
2017-06-15,946,327,135298
2017-06-13,947,327,135267
2017-06-12,948,327,135217
2017-06-12,949,327,135218
2017-06-05,950,327,135084
2017-06-05,951,327,135085
2017-05-24,952,327,134953
2017-05-24,953,327,134954
2017-05-24,954,327,134955
2017-04-27,955,327,134583
2017-03-08,956,327,133794
2017-03-03,957,327,133711
2017-02-22,958,327,133672
2018-11-22,959,9897,141950
2018-06-05,960,9897,140003
2017-11-14,961,9897,137525
2017-05-16,962,9897,134862
2017-03-14,963,9897,133858
2017-03-07,964,9897,133767
2017-03-03,965,9897,133711
2017-02-15,966,9897,133611
2016-09-14,967,9897,131660
2016-09-14,968,9897,131659
2016-08-16,969,9897,131238
2016-08-02,970,9897,131005
2016-07-05,971,9897,130611
2016-03-16,972,9897,128759
2016-03-08,973,9897,128585
2015-07-23,974,9897,125605
2015-04-07,975,9897,123959
2015-02-15,976,9897,123447
2015-11-10,977,8463,127268
2015-06-16,978,8463,125018
2019-04-02,979,423,143084
2018-12-05,980,423,142063
2018-11-14,981,423,141848
2018-08-01,982,423,140668
2018-07-17,983,423,140544
2018-03-13,984,423,138859
2018-03-13,985,423,138863
2018-03-13,986,423,138864
2018-03-06,987,423,138643
2017-12-06,988,423,137830
2017-11-22,989,423,137658
2017-11-15,990,423,137709
2017-11-14,991,423,137519
2017-11-07,992,423,137375
2017-10-11,993,423,137048
2017-10-10,994,423,137051
2017-06-29,995,423,135482
2017-06-27,996,423,135458
2017-06-07,997,423,135165
2017-06-05,998,423,135084
2017-06-05,999,423,135085
2017-05-16,1000,423,134850
2017-04-26,1001,423,134536
2017-04-05,1002,423,134340
2017-03-14,1003,423,133875
2017-03-03,1004,423,133711
2016-12-28,1005,423,133365
2016-11-30,1006,423,132929
2016-11-30,1007,423,132939
2016-11-22,1008,423,132804
2016-10-18,1009,423,132114
2016-10-18,1010,423,132117
2016-10-14,1011,423,132139
2016-10-04,1012,423,131924
2016-09-13,1013,423,131639
2016-08-03,1014,423,131029
2016-07-13,1015,423,130771
2016-06-15,1016,423,130280
2016-06-08,1017,423,130145
2016-06-08,1018,423,130149
2015-03-24,1019,290,123873
2019-04-02,1020,9974,143083
2019-04-02,1021,9974,143084
2019-02-15,1022,9974,142497
2018-12-05,1023,9974,142063
2018-11-14,1024,9974,141848
2018-10-09,1025,9974,141494
2018-07-10,1026,9974,140424
2018-07-10,1027,9974,140425
2018-05-02,1028,9974,139480
2018-04-03,1029,9974,139089
2018-03-06,1030,9974,138643
2017-12-06,1031,9974,137830
2017-11-22,1032,9974,137658
2017-11-07,1033,9974,137375
2017-11-01,1034,9974,137300
2017-10-10,1035,9974,137051
2017-07-13,1036,9974,135730
2017-07-12,1037,9974,135668
2017-07-12,1038,9974,135674
2017-06-29,1039,9974,135482
2017-06-27,1040,9974,135458
2017-06-07,1041,9974,135165
2017-06-05,1042,9974,135084
2017-06-05,1043,9974,135085
2017-05-16,1044,9974,134850
2017-05-10,1045,9974,134776
2017-04-26,1046,9974,134536
2016-11-30,1047,9974,132929
2016-11-22,1048,9974,132804
2016-11-14,1049,9974,132655
2016-10-18,1050,9974,132117
2016-10-18,1051,9974,132114
2016-10-14,1052,9974,132139
2016-09-27,1053,9974,131836
2016-06-15,1054,9974,130280
2016-03-02,1055,9974,128446
2016-02-16,1056,9974,128332
2015-11-10,1057,9974,127268
2015-07-01,1058,9974,125290
2015-07-01,1059,9974,125291
2017-09-13,1060,7751,136681
2017-09-12,1061,7751,136617
2017-06-22,1062,7751,135389
2015-11-10,1063,7751,127268
2015-12-03,1064,2945,127721
2015-08-05,1065,2945,125838
2015-07-14,1066,2945,125462
2015-07-07,1067,2945,125363
2015-06-17,1068,2945,125058
2015-05-19,1069,2945,124567
2015-05-11,1070,2945,124440
2015-04-20,1071,2945,124217
2015-04-14,1072,2945,124090
2015-04-09,1073,2945,124014
2015-04-08,1074,2945,123999
2015-04-08,1075,2945,124000
2015-04-07,1076,2945,123986
2015-04-07,1077,2945,123992
2018-08-14,1078,2911,140782
2018-03-13,1079,2911,138859
2018-03-13,1080,2911,138863
2018-03-13,1081,2911,138864
2017-12-06,1082,2911,137830
2017-11-08,1083,2911,137427
2017-11-07,1084,2911,137375
2017-10-17,1085,2911,137127
2017-10-10,1086,2911,137051
2017-05-16,1087,2911,134850
2017-05-10,1088,2911,134776
2016-10-18,1089,2911,132114
2016-10-18,1090,2911,132117
2016-08-03,1091,2911,131029
2016-07-13,1092,2911,130766
2016-06-15,1093,2911,130280
2016-05-17,1094,2911,129710
2015-07-14,1095,2911,125462
2015-06-16,1096,2911,125014
2015-06-16,1097,2911,125018
2015-06-10,1098,2911,124969
2018-12-05,1099,9038,142063
2018-10-09,1100,9038,141494
2017-03-14,1101,9038,133875
2016-11-30,1102,9038,132929
2016-11-22,1103,9038,132804
2016-07-13,1104,9038,130766
2015-07-01,1105,9038,125292
2015-07-01,1106,9038,125289
2015-07-01,1107,9038,125290
2015-07-01,1108,9038,125291
2015-06-16,1109,9038,125014
2015-06-16,1110,9038,125018
2015-06-10,1111,9038,124969
2019-05-14,1112,7769,143583
2019-05-14,1113,7769,143593
2019-05-14,1114,7769,143567
2019-05-14,1115,7769,143568
2019-05-14,1116,7769,143602
2019-05-14,1117,7769,143603
2019-05-14,1118,7769,143600
2019-05-14,1119,7769,143601
2019-02-15,1120,7769,142497
2018-12-05,1121,7769,142063
2018-11-14,1122,7769,141848
2018-10-09,1123,7769,141494
2018-07-10,1124,7769,140424
2018-06-18,1125,7769,140161
2018-05-08,1126,7769,139576
2018-05-02,1127,7769,139480
2018-04-03,1128,7769,139089
2018-03-13,1129,7769,138863
2018-03-13,1130,7769,138864
2018-03-06,1131,7769,138643
2017-12-06,1132,7769,137830
2017-11-14,1133,7769,137519
2017-11-07,1134,7769,137375
2017-11-01,1135,7769,137300
2017-07-12,1136,7769,135668
2017-06-07,1137,7769,135165
2017-05-24,1138,7769,134953
2017-05-24,1139,7769,134954
2017-05-24,1140,7769,134955
2017-05-16,1141,7769,134850
2017-05-10,1142,7769,134776
2017-04-05,1143,7769,134340
2016-11-30,1144,7769,132929
2016-11-22,1145,7769,132804
2016-09-27,1146,7769,131836
2016-08-03,1147,7769,131029
2016-07-13,1148,7769,130766
2016-06-15,1149,7769,130280
2016-03-08,1150,7769,128594
2016-03-02,1151,7769,128446
2018-11-14,1152,5262,141848
2018-10-09,1153,5262,141494
2018-08-01,1154,5262,140668
2018-07-17,1155,5262,140544
2018-07-10,1156,5262,140424
2018-07-10,1157,5262,140425
2018-05-08,1158,5262,139576
2018-04-03,1159,5262,139089
2018-03-13,1160,5262,138859
2018-03-13,1161,5262,138863
2018-03-13,1162,5262,138864
2018-03-06,1163,5262,138643
2017-12-06,1164,5262,137830
2017-11-22,1165,5262,137658
2017-11-14,1166,5262,137519
2017-11-07,1167,5262,137375
2017-11-01,1168,5262,137300
2017-10-10,1169,5262,137051
2017-07-12,1170,5262,135668
2017-07-12,1171,5262,135674
2017-06-29,1172,5262,135482
2017-06-27,1173,5262,135458
2017-06-07,1174,5262,135165
2017-06-05,1175,5262,135085
2017-06-05,1176,5262,135084
2017-05-16,1177,5262,134850
2017-04-26,1178,5262,134536
2017-04-05,1179,5262,134340
2016-11-30,1180,5262,132929
2016-11-22,1181,5262,132804
2016-10-18,1182,5262,132114
2016-10-18,1183,5262,132117
2016-08-03,1184,5262,131029
2016-06-15,1185,5262,130280
2016-06-08,1186,5262,130145
2016-05-17,1187,5262,129710
2016-03-02,1188,5262,128446
2016-02-16,1189,5262,128332
2015-11-10,1190,5262,127268
2015-07-01,1191,5262,125290
2019-03-29,1192,5165,143046
2018-06-05,1193,5165,140003
2017-10-03,1194,5165,136868
2017-08-04,1195,5165,136064
2017-05-02,1196,5165,134634
2017-03-15,1197,5165,133923
2017-03-14,1198,5165,133860
2016-12-06,1199,5165,133026
2016-09-06,1200,5165,131521
2015-10-06,1201,5165,126853
2015-08-05,1202,5165,125820
2015-06-16,1203,5165,125024
2015-06-16,1204,5165,125025
2015-06-16,1205,5165,125009
2015-06-16,1206,5165,125010
2015-04-15,1207,5165,124149
2015-03-03,1208,5165,123532
2019-04-09,1209,8458,143144
2019-04-08,1210,8458,143141
2016-07-13,1211,8458,130766
2015-06-16,1212,8458,125018
2019-04-02,1213,11523,143084
2018-12-05,1214,11523,142063
2018-11-14,1215,11523,141848
2018-10-09,1216,11523,141494
2018-07-17,1217,11523,140544
2018-07-10,1218,11523,140424
2018-06-18,1219,11523,140161
2018-05-08,1220,11523,139576
2018-05-02,1221,11523,139480
2018-04-03,1222,11523,139089
2018-03-13,1223,11523,138859
2018-03-13,1224,11523,138863
2018-03-13,1225,11523,138864
2018-03-06,1226,11523,138643
2017-12-06,1227,11523,137830
2017-11-22,1228,11523,137658
2017-11-15,1229,11523,137606
2017-11-14,1230,11523,137519
2017-11-07,1231,11523,137375
2017-11-01,1232,11523,137300
2017-10-17,1233,11523,137127
2017-10-11,1234,11523,137048
2017-10-10,1235,11523,137051
2017-07-12,1236,11523,135668
2017-06-29,1237,11523,135482
2017-06-07,1238,11523,135165
2017-05-16,1239,11523,134850
2017-05-10,1240,11523,134776
2017-04-05,1241,11523,134340
2017-03-14,1242,11523,133875
2016-12-28,1243,11523,133365
2016-11-30,1244,11523,132929
2016-11-22,1245,11523,132804
2016-10-18,1246,11523,132114
2016-10-18,1247,11523,132117
2016-09-13,1248,11523,131639
2016-06-15,1249,11523,130280
2016-06-08,1250,11523,130145
2016-03-02,1251,11523,128446
2016-02-16,1252,11523,128332
2015-10-20,1253,11536,127021
2016-11-30,1254,467,132925
2016-10-27,1255,467,132308
2015-12-15,1256,467,127929
2015-12-15,1257,467,127931
2018-11-22,1258,2903,141926
2018-11-14,1259,2903,141848
2018-10-09,1260,2903,141494
2018-08-01,1261,2903,140668
2018-07-17,1262,2903,140544
2018-07-10,1263,2903,140424
2018-05-02,1264,2903,139480
2018-04-03,1265,2903,139089
2018-03-13,1266,2903,138859
2018-03-13,1267,2903,138863
2018-03-13,1268,2903,138864
2018-03-06,1269,2903,138643
2017-12-06,1270,2903,137830
2017-11-07,1271,2903,137375
2017-11-01,1272,2903,137300
2017-10-17,1273,2903,137127
2017-10-11,1274,2903,137048
2017-10-10,1275,2903,137051
2017-07-12,1276,2903,135668
2017-06-29,1277,2903,135482
2017-05-16,1278,2903,134850
2017-04-05,1279,2903,134340
2017-04-04,1280,2903,134288
2017-03-14,1281,2903,133875
2016-11-30,1282,2903,132929
2016-11-23,1283,2903,132827
2016-11-22,1284,2903,132804
2016-10-18,1285,2903,132114
2016-10-18,1286,2903,132117
2016-10-04,1287,2903,131924
2016-08-03,1288,2903,131029
2016-07-13,1289,2903,130766
2016-06-08,1290,2903,130145
2016-06-08,1291,2903,130149
2016-03-02,1292,2903,128446
2015-11-10,1293,2903,127268
2015-07-01,1294,2903,125290
2015-07-01,1295,2903,125289
2015-07-01,1296,2903,125291
2015-07-01,1297,2903,125293
2016-07-13,1298,5310,130766
2016-03-02,1299,8344,128447
2019-04-08,1300,11030,143141
2018-07-10,1301,7766,140424
2017-12-06,1302,7766,137830
2017-11-15,1303,7766,137606
2017-06-13,1304,7766,135267
2017-04-27,1305,7766,134583
2017-04-05,1306,7766,134340
2016-11-30,1307,7766,132925
2016-10-27,1308,7766,132308
2016-03-08,1309,7766,128594
2015-12-15,1310,7766,127929
2015-05-11,1311,7766,124439
2019-04-03,1312,2912,143090
2018-06-06,1313,2912,140034
2018-05-16,1314,2912,139766
2018-04-03,1315,2912,139097
2018-02-08,1316,2912,138412
2017-12-14,1317,2912,137937
2017-11-14,1318,2912,137556
2017-09-13,1319,2912,136681
2017-06-22,1320,2912,135389
2017-05-16,1321,2912,134856
2017-04-05,1322,2912,134354
2017-03-07,1323,2912,133779
2017-03-03,1324,2912,133711
2016-12-06,1325,2912,133023
2016-12-06,1326,2912,133028
2016-11-15,1327,2912,132688
2016-10-14,1328,2912,132139
2016-09-14,1329,2912,131668
2016-09-14,1330,2912,131661
2016-09-07,1331,2912,131556
2016-06-07,1332,2912,130118
2016-06-01,1333,2912,130018
2016-05-17,1334,2912,129710
2016-05-10,1335,2912,129569
2016-03-16,1336,2912,128771
2015-12-01,1337,2912,127677
2015-10-27,1338,2912,127066
2015-08-11,1339,2912,125902
2015-07-15,1340,2912,125515
2015-07-07,1341,2912,125361
2015-04-13,1342,2912,124528
2015-02-15,1343,2912,123447
2018-07-10,1344,5137,140425
2018-07-10,1345,5137,140424
2017-06-27,1346,5137,135458
2017-07-12,1347,5127,135675
2017-07-10,1348,5127,135650
2017-04-04,1349,5127,134288
2016-06-30,1350,5127,130535
2016-06-14,1351,5127,130218
2015-12-15,1352,5127,127893
2015-07-27,1353,5127,125677
2015-07-20,1354,5127,125584
2019-04-09,1355,898,143144
2019-04-08,1356,898,143141
2018-11-22,1357,898,141926
2018-11-14,1358,898,141848
2018-08-01,1359,898,140668
2018-07-17,1360,898,140544
2018-07-10,1361,898,140424
2018-05-08,1362,898,139576
2018-05-02,1363,898,139480
2018-04-03,1364,898,139089
2018-03-13,1365,898,138859
2018-03-13,1366,898,138863
2018-03-13,1367,898,138864
2018-03-06,1368,898,138643
2017-12-06,1369,898,137830
2017-11-14,1370,898,137519
2017-11-08,1371,898,137427
2017-11-07,1372,898,137375
2017-11-01,1373,898,137300
2017-07-12,1374,898,135668
2017-05-16,1375,898,134850
2017-04-05,1376,898,134340
2016-11-14,1377,898,132655
2016-10-18,1378,898,132117
2016-10-18,1379,898,132114
2016-10-14,1380,898,132139
2016-06-15,1381,898,130280
2016-06-08,1382,898,130145
2016-05-18,1383,898,129868
2016-05-17,1384,898,129690
2016-03-02,1385,898,128446
2016-03-02,1386,898,128447
2016-02-16,1387,898,128332
2015-11-10,1388,898,127268
2015-07-14,1389,898,125462
2019-04-09,1390,11755,143144
2019-04-08,1391,11755,143141
2018-07-09,1392,5246,140419
2017-07-12,1393,5246,135668
2017-06-29,1394,5246,135482
2017-06-07,1395,5246,135165
2017-05-16,1396,5246,134850
2017-05-10,1397,5246,134776
2017-04-04,1398,5246,134288
2016-11-30,1399,5246,132939
2016-11-22,1400,5246,132804
2016-08-03,1401,5246,131029
2016-07-13,1402,5246,130766
2016-06-15,1403,5246,130280
2016-05-17,1404,5246,129690
2016-03-08,1405,5246,128594
2016-03-02,1406,5246,128446
2016-02-16,1407,5246,128332
2016-01-19,1408,5246,128171
2015-07-14,1409,5246,125462
2015-07-01,1410,5246,125290
2015-07-01,1411,5246,125289
2015-07-01,1412,5246,125291
2015-07-01,1413,5246,125293
2015-07-01,1414,5246,125292
2015-06-16,1415,5246,125018
2015-06-10,1416,5246,124969
2017-11-22,1417,11528,137658
2017-10-11,1418,11528,137048
2017-10-10,1419,11528,137051
2019-04-08,1420,3238,143141
2018-12-05,1421,3238,142063
2018-11-14,1422,3238,141848
2018-10-09,1423,3238,141494
2018-08-01,1424,3238,140668
2018-07-10,1425,3238,140424
2018-05-02,1426,3238,139480
2018-04-03,1427,3238,139089
2018-03-13,1428,3238,138859
2018-03-13,1429,3238,138863
2018-03-13,1430,3238,138864
2018-03-06,1431,3238,138643
2017-12-06,1432,3238,137830
2017-11-22,1433,3238,137658
2017-11-14,1434,3238,137519
2017-11-07,1435,3238,137375
2017-11-01,1436,3238,137300
2017-10-17,1437,3238,137127
2017-10-11,1438,3238,137048
2017-10-10,1439,3238,137051
2017-07-12,1440,3238,135668
2017-06-29,1441,3238,135482
2017-06-07,1442,3238,135165
2017-05-16,1443,3238,134850
2017-04-04,1444,3238,134288
2016-11-30,1445,3238,132939
2016-11-22,1446,3238,132804
2016-10-18,1447,3238,132114
2016-10-18,1448,3238,132117
2016-08-03,1449,3238,131029
2016-06-15,1450,3238,130280
2016-06-08,1451,3238,130145
2015-11-10,1452,3238,127268
2015-08-05,1453,3238,125838
2015-07-14,1454,3238,125462
2015-07-01,1455,3238,125290
2015-07-01,1456,3238,125289
2015-07-01,1457,3238,125291
2015-07-01,1458,3238,125293
2015-07-01,1459,3238,125292
2018-09-13,1460,196,141227
2018-06-06,1461,196,140034
2018-06-05,1462,196,140003
2017-12-06,1463,196,137855
2017-12-06,1464,196,137847
2017-10-03,1465,196,136872
2017-05-16,1466,196,134856
2017-03-03,1467,196,133711
2016-10-31,1468,196,132439
2016-09-14,1469,196,131668
2016-07-05,1470,196,130615
2016-05-03,1471,196,129419
2016-05-03,1472,196,129414
2016-05-03,1473,196,129425
2016-05-03,1474,196,129430
2016-05-03,1475,196,129426
2015-11-10,1476,196,127265
2015-11-10,1477,196,127266
2015-10-06,1478,196,126859
2015-04-07,1479,196,123952
2019-03-13,1480,3062,142562
2019-02-12,1481,3062,142491
2018-12-05,1482,3062,142065
2018-12-04,1483,3062,142034
2018-11-22,1484,3062,141950
2018-11-22,1485,3062,141921
2018-10-09,1486,3062,141497
2018-07-17,1487,3062,140535
2018-06-13,1488,3062,140121
2018-05-16,1489,3062,139766
2018-04-03,1490,3062,139097
2018-03-09,1491,3062,138818
2017-12-05,1492,3062,137785
2017-12-05,1493,3062,137789
2017-11-14,1494,3062,137525
2017-06-06,1495,3062,135127
2017-05-16,1496,3062,134856
2017-05-10,1497,3062,134769
2017-05-09,1498,3062,134752
2017-05-02,1499,3062,134626
2017-04-04,1500,3062,134313
2017-03-28,1501,3062,134170
2017-03-28,1502,3062,134192
2017-03-15,1503,3062,133923
2016-12-07,1504,3062,133055
2016-11-11,1505,3062,132631
2016-11-08,1506,3062,132545
2016-09-13,1507,3062,131635
2016-06-07,1508,3062,130179
2016-05-03,1509,3062,129429
2016-05-03,1510,3062,129434
2016-05-03,1511,3062,129435
2016-03-16,1512,3062,128750
2015-12-01,1513,3062,127677
2015-11-17,1514,3062,127438
2015-11-11,1515,3062,127291
2015-11-10,1516,3062,127267
2015-11-04,1517,3062,127195
2015-11-03,1518,3062,127168
2015-10-06,1519,3062,126859
2016-05-03,1520,9934,129429
2015-05-12,1521,11632,124475
2015-12-21,1522,11741,127996
2015-12-16,1523,11741,127915
2015-11-10,1524,11741,127265
2018-07-11,1525,3959,140459
2018-06-13,1526,3959,140122
2018-06-06,1527,3959,140034
2018-05-16,1528,3959,139759
2017-12-20,1529,3959,138017
2017-12-20,1530,3959,138016
2017-12-13,1531,3959,137920
2017-11-14,1532,3959,137525
2017-10-11,1533,3959,137042
2017-10-10,1534,3959,137016
2017-10-10,1535,3959,137017
2017-09-13,1536,3959,136661
2017-08-08,1537,3959,136177
2017-06-06,1538,3959,135128
2017-05-16,1539,3959,134856
2017-05-02,1540,3959,134626
2017-03-28,1541,3959,134192
2016-12-28,1542,3959,133330
2016-11-30,1543,3959,132939
2016-11-16,1544,3959,132714
2016-09-07,1545,3959,131579
2016-09-07,1546,3959,131580
2016-08-11,1547,3959,131177
2016-06-08,1548,3959,130135
2016-06-01,1549,3959,129998
2016-05-03,1550,3959,129429
2016-04-12,1551,3959,129082
2016-04-12,1552,3959,129083
2015-11-17,1553,3959,127435
2015-11-17,1554,3959,127438
2015-10-06,1555,3959,126860
2015-09-11,1556,3959,126518
2015-08-18,1557,3959,126052
2015-08-05,1558,3959,125822
2015-08-05,1559,3959,125823
2015-05-13,1560,3959,124515
2015-05-12,1561,3959,124476
2015-05-12,1562,3959,124478
2015-04-07,1563,3959,123959
2015-03-04,1564,3959,123526
2016-10-19,1565,11966,132181
2017-10-10,1566,11699,137017
2017-12-06,1567,9892,137916
2017-08-08,1568,9892,136177
2017-03-15,1569,9892,133923
2017-03-03,1570,9892,133711
2016-08-10,1571,9892,131160
2016-07-05,1572,9892,130618
2016-05-18,1573,9892,129756
2016-04-05,1574,9892,128910
2016-03-16,1575,9892,128759
2015-12-01,1576,9892,127678
2015-11-17,1577,9892,127433
2015-11-10,1578,9892,127265
2015-11-10,1579,9892,127270
2015-08-04,1580,9892,125774
2015-07-15,1581,9892,125515
2015-07-07,1582,9892,125360
2016-03-09,1583,11630,128610
2015-10-06,1584,11630,126862
2016-05-03,1585,9917,129427
2016-04-06,1586,9917,128972
2016-04-06,1587,9917,128973
2015-08-12,1588,9917,125936
2015-08-12,1589,9917,125935
2015-08-04,1590,9917,125774
2015-07-07,1591,9917,125360
2015-04-07,1592,382,123946
2015-03-04,1593,382,123523
2015-03-03,1594,382,123532
2019-03-13,1595,11593,142562
2018-11-22,1596,11593,141921
2018-09-13,1597,11593,141227
2018-04-04,1598,11593,139123
2018-04-04,1599,11593,139124
2017-10-10,1600,11593,137017
2017-03-28,1601,11593,134165
2017-03-03,1602,11593,133711
2017-02-15,1603,11593,133598
2016-06-07,1604,11593,130179
2016-06-01,1605,11593,130016
2016-06-01,1606,11593,130018
2016-05-03,1607,11593,129429
2015-12-08,1608,11593,127785
2015-12-08,1609,11593,127788
2015-09-11,1610,11593,126518
2015-06-16,1611,11593,125026
2015-05-12,1612,11593,124476
2015-05-12,1613,11593,124478
2015-04-07,1614,11593,123959
2015-03-17,1615,11593,123750
2015-03-04,1616,11593,123524
2015-03-03,1617,11593,123532
2017-10-10,1618,3234,137017
2016-08-11,1619,11676,131177
2016-06-07,1620,11676,130179
2018-10-24,1621,5851,141631
2018-07-04,1622,5851,140359
2017-12-14,1623,5851,137937
2017-10-18,1624,5851,137152
2017-06-13,1625,5851,135260
2017-05-16,1626,5851,134856
2017-03-15,1627,5851,133923
2016-12-28,1628,5851,133359
2016-08-10,1629,5851,131159
2016-06-07,1630,5851,130118
2015-04-15,1631,5851,125032
2015-04-14,1632,5851,124117
2015-04-13,1633,5851,124528
2018-12-20,1634,9953,142237
2018-10-09,1635,9953,141497
2018-07-11,1636,9953,140459
2018-06-13,1637,9953,140122
2018-06-05,1638,9953,140003
2018-05-16,1639,9953,139759
2018-04-04,1640,9953,139123
2018-04-04,1641,9953,139124
2017-11-14,1642,9953,137525
2017-11-08,1643,9953,137429
2017-11-08,1644,9953,137430
2017-10-10,1645,9953,137016
2017-10-10,1646,9953,137017
2017-06-13,1647,9953,135245
2017-04-04,1648,9953,134313
2017-03-28,1649,9953,134170
2016-12-28,1650,9953,133330
2016-12-28,1651,9953,133339
2016-08-11,1652,9953,131177
2016-05-03,1653,9953,129429
2016-04-05,1654,9953,128908
2015-12-15,1655,9953,127907
2015-12-03,1656,9953,126849
2015-10-06,1657,9953,126860
2015-09-11,1658,9953,126518
2015-08-05,1659,9953,125823
2015-05-13,1660,9953,124515
2015-05-12,1661,9953,124476
2015-05-12,1662,9953,124478
2015-04-07,1663,9953,123959
2015-03-04,1664,9953,123527
2015-03-04,1665,9953,123526
2015-03-04,1666,9953,123524
2015-03-04,1667,9953,123529
2015-03-04,1668,9953,123542
2015-03-04,1669,9953,123531
2015-03-04,1670,9953,123530
2019-02-12,1671,11578,142491
2018-11-22,1672,11578,141921
2018-09-04,1673,11578,141077
2018-07-31,1674,11578,140620
2017-12-06,1675,11578,137827
2017-06-22,1676,11578,135386
2017-06-06,1677,11578,135122
2017-05-16,1678,11578,134856
2017-05-10,1679,11578,134769
2017-04-18,1680,11578,134396
2016-10-18,1681,11578,132118
2016-10-05,1682,11578,131937
2016-06-07,1683,11578,130179
2016-05-03,1684,11578,129429
2015-12-16,1685,11578,127918
2015-11-17,1686,11578,127438
2015-11-10,1687,11578,127269
2015-06-16,1688,11578,125024
2015-06-16,1689,11578,125025
2015-04-07,1690,11578,123946
2015-03-04,1691,11578,123525
2015-03-03,1692,11578,123532
2019-03-29,1693,11810,143051
2018-11-06,1694,11810,141758
2018-08-01,1695,11810,140662
2018-06-12,1696,11810,140094
2017-12-05,1697,11810,137785
2017-10-04,1698,11810,136935
2017-05-09,1699,11810,134752
2017-02-15,1700,11810,133598
2016-09-13,1701,11810,131635
2016-06-07,1702,11810,130179
2016-05-03,1703,11810,129429
2015-11-17,1704,11810,127438
2015-06-18,1705,11810,125087
2019-03-13,1706,3063,142562
2018-06-13,1707,3063,140122
2018-06-05,1708,3063,140003
2018-05-16,1709,3063,139759
2018-04-04,1710,3063,139123
2018-04-04,1711,3063,139124
2017-12-20,1712,3063,138017
2017-12-20,1713,3063,138016
2017-12-06,1714,3063,137829
2017-10-18,1715,3063,137157
2017-10-11,1716,3063,137044
2017-04-04,1717,3063,134313
2017-03-07,1718,3063,133776
2017-02-15,1719,3063,133598
2016-06-07,1720,3063,130179
2016-05-03,1721,3063,129429
2015-09-01,1722,3063,126284
2015-08-18,1723,3063,126052
2015-05-12,1724,3063,124476
2015-04-07,1725,3063,123959
2015-03-17,1726,3063,123750
2015-03-03,1727,3063,123532
2018-12-04,1728,11667,142035
2018-06-13,1729,11667,140122
2017-04-18,1730,11667,134400
2017-02-15,1731,11667,133598
2016-11-15,1732,11667,132690
2016-05-18,1733,11667,129744
2015-05-12,1734,11667,124478
2015-03-17,1735,11667,123748
2016-09-14,1736,11864,131668
2019-05-08,1737,11586,143492
2018-05-09,1738,11586,139621
2018-03-14,1739,11586,138875
2018-03-14,1740,11586,138878
2017-10-03,1741,11586,136900
2017-06-13,1742,11586,135245
2017-03-15,1743,11586,133923
2016-11-30,1744,11586,132939
2016-10-14,1745,11586,132139
2016-10-05,1746,11586,131938
2016-08-10,1747,11586,131159
2016-04-06,1748,11586,128973
2018-10-09,1749,2669,141497
2018-06-13,1750,2669,140122
2015-10-06,1751,2669,126859
2019-05-08,1752,7952,143492
2018-09-04,1753,7952,141115
2018-06-06,1754,7952,140035
2017-11-01,1755,7952,137324
2017-08-08,1756,7952,136177
2017-03-15,1757,7952,133923
2016-04-06,1758,7952,128973
2015-04-15,1759,7952,125032
2017-10-17,1760,11754,137114
2016-03-09,1761,11754,128611
2016-03-08,1762,11754,128588
2017-05-16,1763,10156,134862
2017-05-09,1764,10156,134749
2015-11-10,1765,10156,127265
2019-05-07,1766,9942,143403
2017-06-22,1767,9942,135388
2017-06-13,1768,9942,135251
2017-03-15,1769,9942,133923
2016-12-07,1770,9942,133055
2016-08-10,1771,9942,131159
2016-08-01,1772,9942,130980
2016-04-06,1773,9942,128973
2015-12-01,1774,9942,127677
2015-03-11,1775,9942,123646
2019-02-12,1776,8879,142491
2018-10-09,1777,8879,141497
2018-06-13,1778,8879,140122
2018-04-04,1779,8879,139123
2018-03-06,1780,8879,138664
2017-10-10,1781,8879,137017
2017-05-02,1782,8879,134626
2017-04-04,1783,8879,134313
2016-08-11,1784,8879,131177
2016-06-07,1785,8879,130118
2016-06-07,1786,8879,130179
2016-06-01,1787,8879,130016
2016-06-01,1788,8879,130018
2016-05-10,1789,8879,129569
2016-05-03,1790,8879,129429
2015-09-11,1791,8879,126518
2015-09-01,1792,8879,126284
2015-08-18,1793,8879,126052
2015-05-12,1794,8879,124476
2015-05-12,1795,8879,124478
2015-03-04,1796,8879,123528
2015-03-04,1797,8879,123524
2015-03-04,1798,8879,123530
2015-03-04,1799,8879,123542
2015-03-04,1800,8879,123531
2017-05-02,1801,11677,134626
2016-12-13,1802,11677,133151
2016-12-13,1803,11677,133156
2016-12-13,1804,11677,133159
2016-08-11,1805,11677,131177
2015-06-16,1806,11677,125024
2015-06-16,1807,11677,125025
2015-04-07,1808,11677,123946
2017-12-05,1809,7843,137785
2017-05-16,1810,7843,134856
2017-05-09,1811,7843,134752
2015-08-05,1812,7843,125820
2015-06-16,1813,7843,125024
2015-06-16,1814,7843,125025
2016-12-07,1815,12027,133071
2017-10-03,1816,9916,136899
2017-10-03,1817,9916,136900
2017-09-13,1818,9916,136656
2017-08-08,1819,9916,136177
2017-05-16,1820,9916,134856
2017-03-15,1821,9916,133923
2016-08-10,1822,9916,131159
2016-04-06,1823,9916,128973
2015-11-10,1824,9916,127270
2016-08-11,1825,11782,131177
2018-12-14,1826,9645,142182
2015-06-09,1827,9645,124906
2015-06-09,1828,9645,124909
2015-06-09,1829,9645,124907
2018-11-22,1830,12475,141950
2018-06-13,1831,11913,140122
2018-05-16,1832,6143,139759
2017-04-04,1833,6143,134313
2016-05-03,1834,6143,129429
2017-11-01,1835,5217,137312
2017-03-03,1836,5217,133711
2016-07-05,1837,5217,130611
2016-05-17,1838,5217,129712
2016-05-03,1839,5217,129432
2016-05-03,1840,5217,129431
2015-12-21,1841,5217,127996
2015-11-10,1842,5217,127265
2015-10-27,1843,5217,127066
2015-07-15,1844,5217,125515
2015-03-04,1845,5217,123523
2018-08-01,1846,11819,140662
2018-05-15,1847,11819,139711
2016-09-14,1848,11819,131668
2017-12-14,1849,11685,137937
2017-03-15,1850,11685,133923
2018-05-09,1851,11783,139623
2019-03-29,1852,7764,143049
2019-03-13,1853,7764,142562
2018-03-09,1854,7764,138818
2018-02-08,1855,7764,138388
2019-05-08,1856,11587,143492
2019-04-03,1857,11587,143088
2018-10-24,1858,11587,141631
2018-09-04,1859,11587,141115
2018-07-03,1860,11587,140346
2018-05-09,1861,11587,139621
2018-05-08,1862,11587,139585
2017-12-06,1863,11587,137855
2017-12-06,1864,11587,137847
2017-11-01,1865,11587,137306
2017-10-03,1866,11587,136900
2017-09-13,1867,11587,136656
2017-03-15,1868,11587,133923
2017-03-15,1869,11587,133915
2016-11-30,1870,11587,132939
2016-09-27,1871,11587,131836
2016-05-17,1872,11587,129710
2016-04-06,1873,11587,128972
2016-04-06,1874,11587,128973
2016-03-16,1875,11587,128771
2015-11-17,1876,11587,127443
2015-06-03,1877,11587,124802
2019-05-08,1878,11585,143492
2019-04-03,1879,11585,143088
2018-09-19,1880,11585,141316
2018-07-04,1881,11585,140359
2018-05-09,1882,11585,139621
2018-03-14,1883,11585,138875
2018-03-14,1884,11585,138878
2017-12-14,1885,11585,137937
2017-03-15,1886,11585,133923
2017-03-03,1887,11585,133711
2016-11-30,1888,11585,132939
2016-10-31,1889,11585,132435
2016-10-19,1890,11585,132179
2016-10-14,1891,11585,132139
2016-09-13,1892,11585,131643
2016-09-06,1893,11585,131533
2016-09-06,1894,11585,131535
2016-08-10,1895,11585,131159
2016-04-06,1896,11585,128972
2016-04-06,1897,11585,128973
2015-04-15,1898,11585,125032
2017-05-02,1899,11947,134626
2017-12-05,1900,11837,137785
2016-08-11,1901,11837,131177
2017-10-18,1902,9915,137157
2017-05-16,1903,9915,134856
2016-12-28,1904,9915,133360
2016-04-06,1905,9915,128973
2015-08-05,1906,9915,125819
2015-08-04,1907,9915,125774
2019-05-08,1908,11849,143492
2018-07-04,1909,11849,140359
2016-12-07,1910,11849,133055
2015-04-15,1911,11678,124149
2019-04-03,1912,11744,143092
2018-12-11,1913,11744,142133
2017-12-11,1914,11744,137874
2017-10-04,1915,11744,136936
2017-06-06,1916,11744,135120
2016-11-16,1917,11744,132715
2016-05-17,1918,11744,129715
2016-04-06,1919,11768,128973
2016-04-06,1920,11768,128972
2018-09-19,1921,11708,141316
2018-09-19,1922,11708,141313
2015-10-11,1923,11910,126908
2017-11-14,1924,11598,137525
2017-11-01,1925,11598,137310
2017-05-02,1926,11598,134626
2016-12-13,1927,11598,133151
2016-12-13,1928,11598,133156
2016-12-13,1929,11598,133159
2016-11-24,1930,11598,132846
2016-09-13,1931,11598,131635
2016-05-03,1932,11598,129434
2016-05-03,1933,11598,129435
2016-04-05,1934,11598,128908
2015-11-17,1935,11598,127438
2015-07-23,1936,11598,125605
2015-07-08,1937,11598,125369
2015-06-16,1938,11598,125024
2015-06-16,1939,11598,125025
2015-04-15,1940,11598,124149
2015-04-07,1941,11598,123946
2015-03-04,1942,11598,123529
2015-03-04,1943,11598,123528
2015-03-04,1944,11598,123531
2015-03-03,1945,11598,123532
2019-04-10,1946,3407,143176
2018-06-12,1947,3407,140093
2018-06-05,1948,3407,140001
2017-11-15,1949,3407,137576
2017-10-17,1950,3407,137133
2017-10-03,1951,3407,136868
2017-03-15,1952,3407,133923
2016-10-19,1953,3407,132178
2016-04-06,1954,3407,128973
2019-05-08,1955,11827,143492
2019-04-03,1956,11827,143088
2018-08-15,1957,11827,140840
2018-06-06,1958,11827,140034
2018-05-09,1959,11827,139621
2018-03-14,1960,11827,138878
2016-12-07,1961,11827,133055
2016-11-30,1962,11827,132939
2016-10-19,1963,11827,132179
2016-04-06,1964,11827,128973
2016-03-15,1965,11827,128709
2019-05-08,1966,659,143492
2018-12-04,1967,659,142053
2018-10-24,1968,659,141631
2018-09-19,1969,659,141316
2018-07-04,1970,659,140359
2018-05-09,1971,659,139621
2017-06-13,1972,659,135260
2017-05-16,1973,659,134856
2017-05-10,1974,659,134770
2017-04-05,1975,659,134354
2017-03-15,1976,659,133923
2016-10-14,1977,659,132139
2016-08-10,1978,659,131159
2016-05-17,1979,659,129710
2016-04-06,1980,659,128973
2015-04-15,1981,659,125032
2015-03-04,1982,659,123523
2017-09-13,1983,566,136681
2016-04-06,1984,566,128973
2017-03-14,1985,11933,133858
2016-08-02,1986,11933,131005
2016-05-03,1987,10010,129429
2015-06-16,1988,10010,125025
2015-06-16,1989,10010,125024
2015-04-15,1990,10010,124149
2019-05-08,1991,11634,143492
2019-02-15,1992,11634,142497
2017-12-14,1993,11634,137937
2016-04-06,1994,11634,128973
2017-07-05,1995,12010,135568
2016-11-24,1996,12010,132843
2016-03-15,1997,12010,128710
2018-11-22,1998,11705,141950
2016-04-06,1999,11647,128973
2016-04-06,2000,11647,128972
2018-06-05,2001,11740,140003
2016-05-03,2002,11740,129429
2015-12-16,2003,11740,127914
2018-11-06,2004,11611,141758
2018-08-14,2005,11611,140783
2018-07-10,2006,11611,140428
2017-05-09,2007,11611,134752
2017-02-15,2008,11611,133598
2016-09-13,2009,11611,131643
2016-09-13,2010,11611,131635
2016-07-06,2011,11611,130634
2016-07-05,2012,11611,130618
2016-05-18,2013,11611,129756
2016-05-03,2014,11611,129429
2015-12-02,2015,11611,127698
2015-12-01,2016,11611,127678
2015-11-10,2017,11611,127269
2015-08-05,2018,11611,125820
2015-08-04,2019,11611,125774
2015-06-18,2020,11611,125087
2015-06-16,2021,11611,125024
2015-06-16,2022,11611,125025
2015-04-15,2023,11611,124148
2015-04-15,2024,11611,124149
2015-04-07,2025,11611,123946
2015-03-03,2026,11611,123532
2017-08-16,2027,11749,140859
2016-05-03,2028,11749,129429
2019-04-10,2029,5150,143176
2018-09-04,2030,5150,141115
2018-07-04,2031,5150,140359
2018-07-03,2032,5150,140346
2018-06-06,2033,5150,140034
2017-06-13,2034,5150,135251
2017-05-10,2035,5150,134770
2017-04-05,2036,5150,134354
2017-04-04,2037,5150,134310
2017-03-15,2038,5150,133923
2016-12-06,2039,5150,133025
2016-05-03,2040,5150,129433
2016-04-06,2041,5150,128973
2015-08-05,2042,5150,125825
2015-04-14,2043,5150,124117
2018-06-12,2044,6734,140095
2018-06-05,2045,6734,139996
2018-02-08,2046,6734,138412
2017-12-05,2047,6734,137801
2017-09-13,2048,6734,136681
2017-03-15,2049,6734,133923
2016-12-07,2050,6734,133071
2016-09-14,2051,6734,131668
2016-09-14,2052,6734,131661
2016-05-18,2053,6734,129748
2015-06-17,2054,6734,125055
2019-03-13,2055,10117,142562
2018-11-22,2056,10117,141921
2018-10-09,2057,10117,141497
2018-05-02,2058,10117,139501
2018-05-02,2059,10117,139504
2018-03-09,2060,10117,138818
2017-12-05,2061,10117,137785
2017-11-07,2062,10117,137394
2017-10-10,2063,10117,137017
2017-03-03,2064,10117,133711
2017-02-15,2065,10117,133598
2016-09-13,2066,10117,131635
2016-06-07,2067,10117,130179
2016-05-03,2068,10117,129429
2015-12-01,2069,10117,127679
2015-11-17,2070,10117,127438
2015-10-06,2071,10117,126859
2015-08-05,2072,10117,125820
2015-07-08,2073,10117,125369
2015-06-16,2074,10117,125024
2015-06-16,2075,10117,125025
2015-04-15,2076,10117,124149
2015-04-07,2077,10117,123946
2015-03-03,2078,10117,123532
2018-11-22,2079,11413,141950
2018-07-11,2080,11413,140459
2018-06-13,2081,11413,140122
2018-04-04,2082,11413,139123
2018-04-04,2083,11413,139124
2016-05-03,2084,11413,129429
2019-03-29,2085,5938,143046
2019-03-29,2086,5938,143050
2019-03-13,2087,5938,142562
2018-11-22,2088,5938,141950
2018-11-14,2089,5938,141867
2018-10-09,2090,5938,141497
2018-07-31,2091,5938,140621
2018-07-11,2092,5938,140459
2018-05-08,2093,5938,139582
2017-12-11,2094,5938,137876
2017-11-15,2095,5938,137576
2017-10-17,2096,5938,137133
2017-10-11,2097,5938,137042
2017-10-03,2098,5938,136868
2017-10-03,2099,5938,136875
2017-09-06,2100,5938,136543
2017-09-05,2101,5938,136509
2017-06-22,2102,5938,135382
2017-06-22,2103,5938,135384
2017-04-04,2104,5938,134313
2017-03-28,2105,5938,134170
2017-03-28,2106,5938,134157
2017-03-15,2107,5938,133923
2016-12-07,2108,5938,133055
2016-12-06,2109,5938,133026
2016-08-11,2110,5938,131177
2016-07-12,2111,5938,130716
2016-06-20,2112,5938,130348
2016-06-07,2113,5938,130179
2016-05-03,2114,5938,129429
2016-05-03,2115,5938,129434
2016-05-03,2116,5938,129435
2016-04-05,2117,5938,128908
2015-11-17,2118,5938,127443
2015-11-17,2119,5938,127438
2015-11-10,2120,5938,127270
2015-10-06,2121,5938,126859
2015-09-01,2122,5938,126284
2015-08-18,2123,5938,126051
2015-08-11,2124,5938,125904
2019-05-08,2125,11588,143492
2018-09-04,2126,11588,141115
2017-09-13,2127,11588,136656
2016-12-07,2128,11588,133055
2016-09-27,2129,11588,131836
2015-11-10,2130,11588,127270
2015-06-10,2131,11588,124969
2018-05-09,2132,1487,139621
2018-02-08,2133,1487,138412
2019-05-08,2134,10078,143492
2018-10-24,2135,10078,141631
2017-03-15,2136,10078,133923
2016-12-07,2137,10078,133055
2016-05-17,2138,10078,129710
2016-04-06,2139,10078,128972
2016-04-06,2140,10078,128973
2016-04-06,2141,10078,128942
2015-04-15,2142,10078,125032
2015-11-10,2143,5697,127265
2019-05-08,2144,8185,143492
2018-10-24,2145,8185,141631
2018-07-04,2146,8185,140359
2018-05-09,2147,8185,139623
2017-10-18,2148,8185,137157
2017-09-13,2149,8185,136656
2017-03-15,2150,8185,133923
2016-08-10,2151,8185,131159
2016-04-06,2152,8185,128972
2016-04-06,2153,8185,128973
2015-06-16,2154,8185,125028
2015-06-10,2155,8185,124969
2015-04-13,2156,8185,124528
2016-06-07,2157,11674,130179
2015-12-21,2158,11674,127996
2019-05-08,2159,11628,143492
2019-03-13,2160,11848,142562
2018-06-13,2161,11848,140122
2018-04-04,2162,11848,139123
2018-04-04,2163,11848,139124
2017-12-14,2164,11848,137937
2017-11-14,2165,11848,137525
2017-10-10,2166,11848,137017
2017-06-22,2167,11848,135389
2017-05-02,2168,11848,134626
2017-04-04,2169,11848,134313
2017-02-15,2170,11848,133598
2016-12-28,2171,11848,133330
2016-05-03,2172,11848,129429
2016-04-05,2173,11848,128908
2015-10-06,2174,11848,126859
2015-09-01,2175,11848,126284
2015-08-18,2176,11848,126052
2015-08-04,2177,11848,125774
2017-06-22,2178,11828,135384
2017-06-22,2179,11828,135382
2018-11-22,2180,11765,141950
2018-06-13,2181,11765,140122
2016-08-11,2182,11765,131177
2015-11-11,2183,11765,127303
2019-04-03,2184,11829,143088
2019-05-08,2185,11125,143491
2019-04-10,2186,11125,143176
2019-03-18,2187,11125,142916
2019-03-13,2188,11125,142562
2019-03-06,2189,11125,142527
2018-12-05,2190,11125,142066
2018-06-05,2191,11125,140003
2018-02-07,2192,11125,138364
2017-05-02,2193,11125,134626
2017-05-02,2194,11125,134637
2017-04-04,2195,11125,134313
2017-02-15,2196,11125,133608
2017-02-15,2197,11125,133609
2016-12-28,2198,11125,133330
2016-12-13,2199,11125,133146
2016-08-11,2200,11125,131177
2016-07-05,2201,11125,130608
2016-06-01,2202,11125,129999
2016-05-03,2203,11125,129429
2015-09-11,2204,11125,126518
2015-09-01,2205,11125,126284
2015-05-12,2206,11125,124476
2015-05-12,2207,11125,124478
2015-04-07,2208,11125,123959
2015-03-17,2209,11125,123750
2015-03-04,2210,11125,123528
2015-03-04,2211,11125,123531
2015-03-04,2212,11125,123524
2015-03-03,2213,11125,123532
2018-09-19,2214,11590,141313
2018-06-12,2215,11590,140095
2017-09-13,2216,11590,136681
2017-03-15,2217,11590,133923
2016-12-07,2218,11590,133071
2016-10-19,2219,11590,132181
2016-09-14,2220,11590,131661
2016-04-06,2221,11590,128973
2015-11-10,2222,11590,127270
2017-05-02,2223,11767,134626
2016-03-16,2224,11767,128759
2018-12-05,2225,11638,142084
2018-09-19,2226,11638,141313
2017-03-15,2227,11638,133923
2016-10-19,2228,11638,132181
2015-07-07,2229,11817,125360
2015-08-11,2230,11868,125898
2017-11-01,2231,2921,137315
2017-10-03,2232,2921,136899
2017-10-03,2233,2921,136900
2017-05-16,2234,2921,134856
2017-05-06,2235,2921,135130
2017-04-05,2236,2921,134354
2017-03-15,2237,2921,133923
2016-11-30,2238,2921,132939
2016-11-08,2239,2921,132544
2016-10-19,2240,2921,132179
2016-10-19,2241,2921,132181
2016-10-14,2242,2921,132139
2016-09-27,2243,2921,131836
2016-09-06,2244,2921,131510
2016-05-17,2245,2921,129710
2016-05-10,2246,2921,129569
2016-04-06,2247,2921,128973
2016-04-06,2248,2921,128942
2015-11-17,2249,2921,127423
2015-11-11,2250,2921,127303
2015-10-27,2251,2921,127066
2015-08-12,2252,2921,125939
2015-06-10,2253,2921,124969
2015-04-14,2254,2921,124117
2019-04-03,2255,11584,143088
2018-12-12,2256,11584,142153
2018-12-12,2257,11584,142154
2018-05-15,2258,11584,139713
2018-03-14,2259,11584,138875
2018-03-14,2260,11584,138878
2017-06-13,2261,11584,135251
2017-06-13,2262,11584,135260
2017-05-10,2263,11584,134770
2017-05-02,2264,11584,134624
2017-05-02,2265,11584,134629
2017-04-05,2266,11584,134354
2017-03-15,2267,11584,133923
2016-12-28,2268,11584,133362
2016-04-06,2269,11584,128973
2015-11-11,2270,11584,127292
2015-04-15,2271,11584,125032
2015-08-18,2272,11796,126052
2016-08-02,2273,10964,131005
2017-05-02,2274,12048,134626
2019-05-08,2275,11583,143492
2017-12-05,2276,11583,137802
2017-12-05,2277,11583,137804
2017-09-05,2278,11583,136691
2017-08-09,2279,11583,136188
2017-08-08,2280,11583,136177
2017-05-16,2281,11583,134856
2017-05-10,2282,11583,134770
2017-03-15,2283,11583,133923
2016-04-06,2284,11583,128973
2015-08-12,2285,11583,125937
2015-07-01,2286,11583,125253
2015-06-16,2287,11583,125027
2017-12-06,2288,9909,137855
2017-12-06,2289,9909,137847
2017-11-01,2290,9909,137306
2017-03-15,2291,9909,133923
2016-09-14,2292,9909,131668
2016-05-17,2293,9909,129710
2016-04-06,2294,9909,128973
2016-03-16,2295,9909,128771
2015-06-03,2296,9909,124802
2017-05-16,2297,9451,134856
2017-05-10,2298,9451,134769
2017-05-09,2299,9451,134752
2017-04-04,2300,9451,134313
2017-02-15,2301,9451,133598
2016-11-08,2302,9451,132545
2016-10-11,2303,9451,132038
2016-07-06,2304,9451,130632
2016-06-08,2305,9451,130132
2016-06-01,2306,9451,130016
2016-06-01,2307,9451,130018
2016-05-03,2308,9451,129429
2016-03-16,2309,9451,128750
2015-10-06,2310,9451,126859
2015-08-05,2311,9451,125820
2015-06-16,2312,9451,125024
2015-06-16,2313,9451,125025
2015-04-16,2314,9451,124160
2015-04-15,2315,9451,124146
2015-04-15,2316,9451,124149
2015-04-07,2317,9451,123946
2015-03-03,2318,9451,123532
2017-11-07,2319,8368,137395
2017-05-16,2320,8368,134856
2017-04-05,2321,8368,134354
2017-04-04,2322,8368,134310
2017-03-15,2323,8368,133923
2016-10-19,2324,8368,132179
2016-10-14,2325,8368,132139
2016-10-11,2326,8368,132038
2016-08-10,2327,8368,131159
2016-06-08,2328,8368,130132
2016-04-06,2329,8368,128973
2015-04-15,2330,8368,124146
2015-07-08,2331,11752,125368
2018-09-19,2332,6806,141313
2017-09-13,2333,6806,136681
2016-08-10,2334,6806,131159
2016-05-17,2335,6806,129710
2016-03-16,2336,6806,128771
2015-11-10,2337,6806,127270
2015-04-15,2338,6806,125032
2018-11-22,2339,11680,141921
2018-11-22,2340,3412,141950
2018-08-14,2341,3412,140783
2018-06-05,2342,3412,140003
2017-12-14,2343,3412,137930
2017-05-16,2344,3412,134862
2017-03-28,2345,3412,134169
2017-03-15,2346,3412,133923
2017-03-14,2347,3412,133858
2017-03-07,2348,3412,133767
2017-03-03,2349,3412,133711
2017-02-15,2350,3412,133611
2016-09-14,2351,3412,131659
2016-09-14,2352,3412,131660
2016-08-16,2353,3412,131238
2016-08-02,2354,3412,131005
2016-07-05,2355,3412,130611
2015-11-11,2356,3412,127290
2015-11-10,2357,3412,127265
2015-08-05,2358,3412,125824
2015-07-27,2359,3412,125671
2017-05-02,2360,11669,134626
2017-02-15,2361,11669,133598
2015-07-08,2362,11669,125371
2016-03-02,2363,4155,128462
2016-03-02,2364,4155,128460
2016-03-02,2365,4155,128455
2018-10-24,2366,11687,141631
2018-12-04,2367,11594,142038
2018-07-04,2368,11594,140356
2018-06-05,2369,11594,140004
2017-09-13,2370,11594,136681
2017-08-08,2371,11594,136177
2017-03-15,2372,11594,133923
2016-08-10,2373,11594,131159
2015-11-10,2374,11594,127270
2017-02-15,2375,11712,133598
2016-08-17,2376,11694,131250
2019-03-13,2377,9896,142562
2018-11-22,2378,9896,141921
2018-06-13,2379,9896,140122
2018-05-16,2380,9896,139759
2018-03-09,2381,9896,138818
2017-11-14,2382,9896,137525
2017-10-10,2383,9896,137016
2017-10-10,2384,9896,137017
2017-06-06,2385,9896,135121
2017-04-04,2386,9896,134313
2016-06-07,2387,9896,130179
2016-05-03,2388,9896,129429
2016-03-16,2389,9896,128771
2015-11-17,2390,9896,127438
2015-11-17,2391,9896,127435
2015-10-06,2392,9896,126859
2015-09-11,2393,9896,126518
2015-08-18,2394,9896,126052
2015-05-12,2395,9896,124476
2015-05-12,2396,9896,124478
2015-04-13,2397,9896,124528
2015-03-17,2398,9896,123750
2015-03-04,2399,9896,123527
2015-03-04,2400,9896,123526
2015-03-04,2401,9896,123524
2015-03-04,2402,9896,123528
2015-03-04,2403,9896,123542
2015-03-04,2404,9896,123531
2015-03-04,2405,9896,123530
2018-10-09,2406,7744,141497
2018-03-09,2407,7744,138818
2018-03-06,2408,7744,138673
2017-12-05,2409,7744,137788
2017-05-10,2410,7744,134769
2017-05-09,2411,7744,134752
2017-05-02,2412,7744,134626
2017-05-02,2413,7744,134629
2016-09-13,2414,7744,131635
2016-09-07,2415,7744,131558
2016-07-05,2416,7744,130616
2016-06-07,2417,7744,130179
2016-05-03,2418,7744,129429
2015-08-21,2419,7744,126140
2015-07-15,2420,7744,125515
2015-07-08,2421,7744,125369
2015-07-08,2422,7744,125371
2019-05-08,2423,11627,143492
2018-12-04,2424,11627,142038
2018-09-04,2425,11627,141115
2018-07-04,2426,11627,140359
2018-07-03,2427,11627,140346
2018-06-26,2428,11627,140225
2018-06-06,2429,11627,140034
2018-05-09,2430,11627,139621
2017-12-20,2431,11627,138017
2017-12-20,2432,11627,138016
2017-12-06,2433,11627,137916
2017-10-18,2434,11627,137157
2017-10-03,2435,11627,136899
2017-10-03,2436,11627,136900
2017-09-13,2437,11627,136656
2017-08-08,2438,11627,136177
2017-06-13,2439,11627,135251
2017-06-13,2440,11627,135260
2017-05-10,2441,11627,134770
2017-04-05,2442,11627,134354
2017-03-15,2443,11627,133923
2016-12-28,2444,11627,133360
2016-12-28,2445,11627,133349
2016-11-30,2446,11627,132939
2016-10-31,2447,11627,132431
2016-10-04,2448,11627,131921
2016-09-06,2449,11627,131535
2016-08-10,2450,11627,131160
2016-08-10,2451,11627,131159
2016-07-06,2452,11627,130634
2018-04-04,2453,11599,139124
2018-03-09,2454,11599,138818
2017-10-10,2455,11599,137016
2017-05-02,2456,11599,134626
2017-04-04,2457,11599,134313
2017-03-07,2458,11599,133780
2016-08-11,2459,11599,131177
2016-06-14,2460,11599,130221
2016-06-07,2461,11599,130179
2016-05-03,2462,11599,129429
2015-10-06,2463,11599,126861
2015-09-11,2464,11599,126518
2015-09-01,2465,11599,126284
2015-08-18,2466,11599,126052
2015-05-12,2467,11599,124476
2015-05-12,2468,11599,124478
2015-04-07,2469,11599,123959
2015-03-17,2470,11599,123750
2015-03-04,2471,11599,123528
2015-03-04,2472,11599,123527
2015-03-04,2473,11599,123526
2015-03-04,2474,11599,123530
2015-03-04,2475,11599,123542
2015-03-04,2476,11599,123524
2015-03-04,2477,11599,123531
2015-03-03,2478,11599,123532
2019-05-07,2479,7745,143413
2019-04-10,2480,7745,143176
2019-04-03,2481,7745,143090
2016-08-11,2482,11637,131177
2015-11-17,2483,11637,127438
2015-11-18,2484,11909,127470
2018-07-17,2485,11329,140535
2018-07-11,2486,11329,140459
2017-12-05,2487,11329,137785
2017-10-04,2488,11329,136935
2017-06-22,2489,11329,135388
2017-05-16,2490,11329,134856
2017-05-10,2491,11329,134769
2017-05-09,2492,11329,134752
2017-04-04,2493,11329,134313
2016-11-08,2494,11329,132545
2016-10-05,2495,11329,131937
2016-09-13,2496,11329,131635
2016-08-01,2497,11329,130980
2016-06-07,2498,11329,130179
2015-12-15,2499,11329,127907
2015-12-01,2500,11329,127677
2015-11-17,2501,11329,127438
2015-07-14,2502,11329,125456
2015-07-08,2503,11329,125369
2015-07-08,2504,11329,125371
2015-07-01,2505,11329,125257
2015-06-16,2506,11329,125024
2015-06-16,2507,11329,125025
2015-04-07,2508,11329,123946
2015-04-07,2509,11329,123959
2015-03-03,2510,11329,123532
2016-06-07,2511,10303,130179
2016-03-16,2512,3995,128759
2019-03-06,2513,149,142528
2018-11-22,2514,149,141950
2018-08-14,2515,149,140781
2018-06-05,2516,149,140003
2018-05-16,2517,149,139766
2018-04-03,2518,149,139097
2018-03-06,2519,149,138664
2018-02-08,2520,149,138412
2017-11-01,2521,149,137301
2017-09-05,2522,149,136512
2017-08-01,2523,149,135996
2017-05-16,2524,149,134856
2017-03-15,2525,149,133923
2017-03-03,2526,149,133711
2016-12-07,2527,149,133055
2016-09-14,2528,149,131661
2016-09-06,2529,149,131513
2016-06-07,2530,149,130118
2016-05-17,2531,149,129718
2016-05-17,2532,149,129710
2016-05-10,2533,149,129569
2016-03-16,2534,149,128771
2016-03-16,2535,149,128759
2015-12-01,2536,149,127677
2015-11-10,2537,149,127265
2015-10-06,2538,149,126859
2015-08-11,2539,149,125899
2015-08-11,2540,149,125902
2015-07-15,2541,149,125515
2015-05-12,2542,149,124477
2015-04-13,2543,149,124528
2019-03-13,2544,2901,142562
2018-11-22,2545,2901,141950
2018-11-22,2546,2901,141921
2018-10-09,2547,2901,141497
2018-06-13,2548,2901,140122
2018-05-16,2549,2901,139766
2018-05-16,2550,2901,139759
2018-03-06,2551,2901,138673
2017-12-14,2552,2901,137937
2017-10-10,2553,2901,137016
2017-10-10,2554,2901,137017
2017-06-22,2555,2901,135389
2017-05-16,2556,2901,134856
2017-05-02,2557,2901,134628
2017-05-02,2558,2901,134626
2017-04-04,2559,2901,134313
2017-03-28,2560,2901,134170
2016-12-28,2561,2901,133339
2016-06-07,2562,2901,130179
2016-06-01,2563,2901,129999
2016-05-03,2564,2901,129429
2015-09-11,2565,2901,126518
2015-09-01,2566,2901,126284
2015-04-13,2567,2901,124528
2015-03-17,2568,2901,123750
2015-03-04,2569,2901,123526
2015-03-03,2570,2901,123532
2015-08-05,2571,5166,125820
2015-03-03,2572,5166,123532
2019-05-08,2573,11693,143492
2018-10-24,2574,11693,141631
2018-05-09,2575,11693,139621
2016-10-31,2576,11693,132435
2016-10-19,2577,11693,132179
2016-09-27,2578,11693,131836
2016-08-10,2579,11693,131159
2017-12-13,2580,12011,137920
2018-06-05,2581,11602,140003
2017-10-17,2582,11602,137133
2017-06-13,2583,11602,135245
2017-05-16,2584,11602,134862
2017-03-03,2585,11602,133711
2016-08-09,2586,11602,131124
2016-07-27,2587,11602,130910
2016-07-05,2588,11602,130611
2016-04-05,2589,11602,128920
2016-04-05,2590,11602,128921
2016-02-24,2591,11602,128402
2015-12-01,2592,11602,127678
2015-11-10,2593,11602,127265
2015-11-03,2594,11602,127163
2016-08-11,2595,10449,131177
2019-05-08,2596,9674,143492
2018-12-04,2597,9674,142053
2018-10-24,2598,9674,141631
2017-12-05,2599,9674,137803
2017-08-08,2600,9674,136177
2017-06-13,2601,9674,135245
2017-05-16,2602,9674,134856
2017-03-15,2603,9674,133923
2016-04-06,2604,9674,128973
2015-11-10,2605,9674,127270
2015-08-04,2606,9674,125774
2015-06-16,2607,9674,125028
2015-06-10,2608,9674,124969
2015-04-15,2609,9674,125032
2015-02-15,2610,9674,123447
2019-05-07,2611,2924,143407
2018-08-01,2612,2924,140662
2017-11-07,2613,2924,137395
2017-06-13,2614,2924,135245
2017-03-15,2615,2924,133923
2015-12-15,2616,2924,127907
2015-03-04,2617,2924,123523
2018-05-16,2618,11703,139766
2017-02-15,2619,10719,133598
2016-07-06,2620,11797,130634
2017-12-20,2621,5572,138017
2017-12-20,2622,5572,138016
2017-12-13,2623,5572,137920
2017-12-06,2624,5572,137916
2017-10-18,2625,5572,137157
2017-08-08,2626,5572,136177
2017-06-13,2627,5572,135251
2017-03-15,2628,5572,133923
2017-03-15,2629,5572,133915
2016-10-31,2630,5572,132431
2016-08-10,2631,5572,131160
2016-07-06,2632,5572,130634
2016-07-05,2633,5572,130618
2016-05-18,2634,5572,129756
2016-04-06,2635,5572,128972
2016-04-06,2636,5572,128973
2015-08-04,2637,5572,125774
2015-07-07,2638,5572,125360
2017-05-02,2639,11793,134626
2015-11-11,2640,11793,127303
2015-11-10,2641,11793,127265
2019-05-08,2642,7755,143492
2018-09-19,2643,7755,141316
2018-07-04,2644,7755,140359
2017-10-03,2645,7755,136899
2017-06-22,2646,7755,135387
2017-06-22,2647,7755,135396
2017-05-16,2648,7755,134856
2017-05-10,2649,7755,134770
2017-04-05,2650,7755,134354
2017-03-15,2651,7755,133923
2017-03-03,2652,7755,133711
2016-10-31,2653,7755,132435
2016-10-19,2654,7755,132179
2016-10-14,2655,7755,132139
2015-08-12,2656,7755,125938
2015-07-01,2657,7755,125253
2015-06-16,2658,7755,125027
2015-06-10,2659,7755,124969
2016-04-06,2660,5271,128973
2017-06-13,2661,11622,135260
2017-03-15,2662,11622,133915
2016-10-31,2663,11622,132435
2016-09-27,2664,11622,131836
2016-05-17,2665,11622,129710
2016-04-06,2666,11622,128972
2016-04-06,2667,11622,128973
2015-11-10,2668,11622,127270
2015-08-12,2669,11622,125940
2018-06-13,2670,11923,140122
2018-06-05,2671,11923,140003
2018-05-16,2672,11923,139759
2018-04-04,2673,11923,139124
2018-04-04,2674,11923,139123
2017-10-10,2675,11923,137017
2015-11-17,2676,11923,127443
2015-11-17,2677,11923,127438
2018-10-24,2678,9889,141631
2018-07-04,2679,9889,140359
2018-05-09,2680,9889,139623
2018-05-09,2681,9889,139621
2017-12-20,2682,9889,138017
2017-12-20,2683,9889,138016
2017-12-13,2684,9889,137920
2017-12-06,2685,9889,137916
2017-08-08,2686,9889,136177
2017-06-13,2687,9889,135251
2017-03-15,2688,9889,133923
2016-11-21,2689,9889,132767
2016-10-31,2690,9889,132431
2016-09-06,2691,9889,131531
2016-08-10,2692,9889,131160
2016-08-10,2693,9889,131159
2016-07-06,2694,9889,130634
2016-07-05,2695,9889,130618
2016-05-03,2696,9889,129427
2016-05-03,2697,9889,129436
2015-09-09,2698,9889,126486
2015-07-07,2699,9889,125360
2015-06-10,2700,9889,124969
2015-09-01,2701,11888,126284
2018-07-31,2702,2993,140622
2017-09-05,2703,2993,136691
2018-11-22,2704,9972,141950
2018-07-11,2705,9972,140459
2018-06-05,2706,9972,140003
2018-03-06,2707,9972,138664
2017-12-06,2708,9972,137832
2017-10-17,2709,9972,137133
2017-10-03,2710,9972,136868
2017-05-16,2711,9972,134856
2017-03-07,2712,9972,133779
2017-03-03,2713,9972,133711
2016-12-07,2714,9972,133055
2016-12-06,2715,9972,133028
2016-12-06,2716,9972,133023
2016-11-30,2717,9972,132939
2016-11-15,2718,9972,132688
2016-09-14,2719,9972,131668
2016-09-07,2720,9972,131556
2016-06-01,2721,9972,130018
2015-11-11,2722,9972,127303
2015-10-06,2723,9972,126863
2015-08-12,2724,9972,125941
2015-08-04,2725,9972,125761
2015-07-07,2726,9972,125361
2015-06-10,2727,9972,124969
2016-08-11,2728,11876,131177
2019-03-29,2729,11589,143046
2018-11-22,2730,11589,141950
2018-07-11,2731,11589,140459
2018-06-05,2732,11589,140003
2017-10-03,2733,11589,136868
2017-05-16,2734,11589,134856
2017-05-16,2735,11589,134862
2017-03-15,2736,11589,133923
2017-03-14,2737,11589,133858
2017-03-03,2738,11589,133711
2017-02-15,2739,11589,133611
2016-09-14,2740,11589,131659
2016-09-14,2741,11589,131660
2016-08-01,2742,11589,130971
2016-07-05,2743,11589,130617
2016-06-20,2744,11589,130347
2016-05-31,2745,11589,129948
2015-12-01,2746,11589,127680
2015-12-01,2747,11589,127681
2015-11-10,2748,11589,127265
2015-11-03,2749,11589,127165
2019-04-10,2750,11709,143176
2018-11-22,2751,11709,141950
2018-03-06,2752,11709,138662
2017-12-20,2753,11709,138016
2017-10-11,2754,11709,137040
2017-09-12,2755,11709,136611
2017-05-16,2756,11709,134862
2017-05-10,2757,11709,134766
2017-05-02,2758,11709,134626
2017-03-14,2759,11709,133858
2017-03-07,2760,11709,133767
2017-03-03,2761,11709,133711
2017-02-15,2762,11709,133611
2016-09-14,2763,11709,131659
2016-09-14,2764,11709,131660
2016-09-06,2765,11709,131506
2016-08-16,2766,11709,131238
2016-08-02,2767,11709,131005
2016-07-05,2768,11709,130611
2019-05-08,2769,11591,143492
2019-02-15,2770,11591,142497
2018-12-04,2771,11591,142038
2018-05-09,2772,11591,139623
2017-12-06,2773,11591,137916
2017-08-08,2774,11591,136177
2017-06-13,2775,11591,135251
2017-05-10,2776,11591,134770
2017-04-04,2777,11591,134310
2017-03-15,2778,11591,133923
2016-12-06,2779,11591,133025
2016-10-19,2780,11591,132181
2016-10-19,2781,11591,132178
2016-10-14,2782,11591,132139
2016-07-05,2783,11591,130618
2016-05-03,2784,11591,129427
2016-05-03,2785,11591,129433
2016-04-06,2786,11591,128972
2016-04-06,2787,11591,128973
2016-04-06,2788,11591,128942
2015-11-10,2789,11591,127270
2015-09-09,2790,11591,126486
2015-07-07,2791,11591,125360
2016-04-06,2792,11698,128973
2017-04-04,2793,12013,134313
2019-03-29,2794,11577,143058
2017-12-06,2795,11577,137855
2017-12-06,2796,11577,137847
2017-11-01,2797,11577,137306
2017-03-15,2798,11577,133923
2017-03-15,2799,11577,133915
2016-10-19,2800,11577,132179
2016-09-14,2801,11577,131668
2016-09-06,2802,11577,131533
2016-04-06,2803,11577,128973
2016-03-16,2804,11577,128771
2015-12-16,2805,11577,127918
2015-11-17,2806,11577,127443
2015-06-03,2807,11577,124802
2015-07-08,2808,11835,125371
2018-06-06,2809,10032,140034
2017-11-08,2810,10032,137429
2017-11-08,2811,10032,137430
2017-03-15,2812,10032,133923
2016-04-06,2813,10032,128973
2015-12-03,2814,10032,126849
2018-08-01,2815,2735,140662
2018-06-13,2816,2735,140122
2018-04-04,2817,2735,139123
2018-04-04,2818,2735,139124
2017-05-02,2819,2735,134626
2017-03-28,2820,2735,134170
2017-02-15,2821,2735,133598
2016-12-28,2822,2735,133330
2016-11-17,2823,2735,132738
2016-08-11,2824,2735,131177
2015-12-15,2825,2735,127907
2015-10-06,2826,2735,126859
2015-09-01,2827,2735,126284
2015-05-12,2828,2735,124476
2015-05-12,2829,2735,124478
2015-04-14,2830,2735,124102
2015-03-17,2831,2735,123750
2015-03-04,2832,2735,123523
2015-03-04,2833,2735,123531
2016-12-28,2834,12156,133360
2018-12-11,2835,11597,142132
2018-11-22,2836,11597,141950
2018-06-05,2837,11597,140003
2018-02-07,2838,11597,138366
2017-12-14,2839,11597,137937
2017-10-03,2840,11597,136862
2017-07-04,2841,11597,135545
2017-06-22,2842,11597,135389
2017-05-16,2843,11597,134856
2017-04-18,2844,11597,134403
2017-03-03,2845,11597,133711
2016-12-28,2846,11597,133345
2016-11-30,2847,11597,132939
2016-11-24,2848,11597,132845
2016-09-26,2849,11597,131790
2016-05-03,2850,11597,129430
2016-03-15,2851,11597,128708
2015-12-02,2852,11597,127697
2015-11-17,2853,11597,127443
2015-10-06,2854,11597,126859
2017-08-08,2855,7759,136177
2017-06-13,2856,7759,135245
2017-06-13,2857,7759,135251
2017-03-15,2858,7759,133923
2016-04-06,2859,7759,128973
2015-07-15,2860,7759,125510
2018-10-09,2861,11582,141497
2018-05-16,2862,11582,139759
2018-03-09,2863,11582,138818
2017-10-10,2864,11582,137017
2017-09-12,2865,11582,136614
2017-09-06,2866,11582,136543
2017-05-09,2867,11582,134749
2017-04-04,2868,11582,134313
2017-03-15,2869,11582,133923
2016-12-28,2870,11582,133339
2016-12-28,2871,11582,133330
2016-10-11,2872,11582,132039
2016-09-07,2873,11582,131557
2016-05-03,2874,11582,129429
2015-12-09,2875,11582,127834
2015-10-06,2876,11582,126859
2015-03-17,2877,11582,123750
2015-03-04,2878,11582,123528
2015-03-04,2879,11582,123526
2015-03-04,2880,11582,123531
2015-03-03,2881,11582,123532
2017-05-09,2882,11785,134749
2016-04-06,2883,11785,128973
2017-12-05,2884,11696,137785
2017-10-10,2885,11696,137017
2019-05-07,2886,5252,143407
2018-06-06,2887,5252,140034
2018-04-03,2888,5252,139097
2017-10-18,2889,5252,137157
2017-09-13,2890,5252,136681
2017-06-30,2891,5252,135487
2017-06-13,2892,5252,135245
2017-05-16,2893,5252,134856
2017-03-03,2894,5252,133711
2016-12-13,2895,5252,133160
2016-12-06,2896,5252,133021
2016-09-14,2897,5252,131668
2016-07-05,2898,5252,130613
2016-06-01,2899,5252,130016
2016-06-01,2900,5252,130018
2016-05-17,2901,5252,129710
2016-05-10,2902,5252,129569
2016-03-16,2903,5252,128771
2015-12-08,2904,5252,127795
2015-12-08,2905,5252,127797
2015-12-01,2906,5252,127678
2015-11-11,2907,5252,127303
2015-10-06,2908,5252,126854
2015-10-06,2909,5252,126860
2015-07-27,2910,5252,125672
2015-07-23,2911,5252,125609
2015-07-01,2912,5252,125254
2015-07-01,2913,5252,125255
2015-06-02,2914,5252,124771
2015-04-13,2915,5252,124528
2015-04-07,2916,5252,123959
2018-11-06,2917,11595,141758
2018-10-16,2918,11595,141548
2018-03-09,2919,11595,138818
2018-02-08,2920,11595,138412
2017-09-13,2921,11595,136681
2017-05-10,2922,11595,134769
2017-04-04,2923,11595,134313
2016-09-14,2924,11595,131661
2016-09-13,2925,11595,131635
2016-08-11,2926,11595,131177
2016-05-18,2927,11595,129748
2016-05-03,2928,11595,129429
2016-05-03,2929,11595,129428
2016-04-06,2930,11595,128943
2015-11-17,2931,11595,127438
2015-09-01,2932,11595,126284
2015-08-05,2933,11595,125820
2015-07-08,2934,11595,125371
2015-06-18,2935,11595,125087
2015-06-16,2936,11595,125024
2015-06-16,2937,11595,125025
2015-04-15,2938,11595,124149
2015-04-07,2939,11595,123946
2015-03-03,2940,11595,123532
2019-05-08,2941,11581,143492
2018-06-12,2942,11581,140095
2018-06-05,2943,11581,139996
2017-09-13,2944,11581,136681
2017-05-16,2945,11581,134860
2017-03-15,2946,11581,133923
2016-12-07,2947,11581,133071
2016-09-26,2948,11581,131787
2016-09-14,2949,11581,131661
2016-04-06,2950,11581,128973
2019-05-08,2951,9894,143492
2019-03-06,2952,9894,142530
2018-09-19,2953,9894,141313
2018-09-04,2954,9894,141115
2018-09-04,2955,9894,141120
2018-06-06,2956,9894,140035
2018-05-09,2957,9894,139621
2018-04-17,2958,9894,139313
2017-03-15,2959,9894,133923
2016-12-06,2960,9894,133019
2016-10-19,2961,9894,132181
2016-09-27,2962,9894,131836
2016-04-06,2963,9894,128973
2016-04-06,2964,9894,128942
2015-11-10,2965,9894,127270
2015-04-15,2966,9894,125032
2018-07-04,2967,9907,140359
2018-06-06,2968,9907,140035
2018-05-16,2969,9907,139766
2017-12-14,2970,9907,137937
2017-06-13,2971,9907,135260
2017-03-15,2972,9907,133923
2015-11-10,2973,9907,127270
2015-11-04,2974,9907,127193
2015-08-18,2975,9907,126054
2015-08-11,2976,9907,125902
2015-06-10,2977,9907,124969
2015-04-15,2978,9907,125032
2017-09-12,2979,8461,136614
2017-03-15,2980,8461,133923
2016-11-30,2981,8461,132939
2016-10-31,2982,8461,132435
2016-10-14,2983,8461,132139
2015-12-09,2984,8461,127834
2015-04-14,2985,8461,124117
2018-11-22,2986,11935,141950
2017-11-01,2987,11935,137306
2017-09-12,2988,9943,136614
2017-05-09,2989,9943,134749
2017-03-15,2990,9943,133923
2016-11-30,2991,9943,132939
2016-10-31,2992,9943,132435
2016-10-19,2993,9943,132179
2016-10-14,2994,9943,132139
2016-09-27,2995,9943,131836
2016-04-06,2996,9943,128973
2016-04-06,2997,9943,128943
2015-12-21,2998,9943,127996
2015-12-09,2999,9943,127834
2015-11-10,3000,9943,127270
2018-06-13,3001,11704,140122
2017-09-12,3002,11704,136624
2016-11-17,3003,11704,132737
2016-08-09,3004,11704,131125
2016-04-05,3005,11704,128917
2018-10-09,3006,4295,141496
2018-09-19,3007,4295,141305
2017-06-13,3008,4295,135250
2017-02-15,3009,4295,133598
2015-07-15,3010,4522,125515
2015-05-21,3011,2882,124629
2015-05-21,3012,2882,124628
2015-05-21,3013,2882,124627
2017-05-09,3014,5700,134752
2018-09-19,3015,11592,141313
2017-03-15,3016,11592,133923
2016-10-19,3017,11592,132181
2016-05-03,3018,11592,129433
2016-04-06,3019,11592,128973
2016-04-06,3020,11592,128942
2015-07-23,3021,11592,125605
2017-05-16,3022,320,134856
2017-04-05,3023,320,134354
2017-03-07,3024,320,133779
2017-02-15,3025,320,133598
2016-12-06,3026,320,133028
2016-11-15,3027,320,132688
2016-09-07,3028,320,131556
2015-12-02,3029,320,127696
2015-07-15,3030,320,125515
2015-07-07,3031,320,125361
2015-03-04,3032,320,123523
2017-10-18,3033,11732,137157
2016-08-11,3034,11932,131177
2018-03-06,3035,405,138673
2017-11-01,3036,405,137306
2017-10-10,3037,405,137017
2017-04-04,3038,405,134313
2017-03-28,3039,405,134170
2016-12-28,3040,405,133330
2016-10-24,3041,405,132266
2016-08-09,3042,405,131127
2015-11-17,3043,405,127438
2015-11-10,3044,405,127270
2015-11-04,3045,405,127195
2015-11-03,3046,405,127161
2015-10-27,3047,405,127066
2015-10-06,3048,405,126861
2015-09-01,3049,405,126284
2015-08-18,3050,405,126052
2015-08-04,3051,405,125760
2015-07-15,3052,405,125515
2015-05-12,3053,405,124479
2015-05-12,3054,405,124480
2015-03-17,3055,405,123750
2015-03-03,3056,405,123493
2015-03-03,3057,405,123450
2015-03-03,3058,405,123532
2015-03-03,3059,405,123494
2018-06-05,3060,9902,139996
2017-06-13,3061,9902,135251
2017-05-16,3062,9902,134856
2016-04-06,3063,9902,128973
2015-08-21,3064,9902,126140
2018-11-14,3065,7981,141849
2018-10-16,3066,7981,141548
2018-10-09,3067,7981,141497
2018-09-04,3068,7981,141079
2018-08-15,3069,7981,140840
2018-05-16,3070,7981,139759
2018-02-08,3071,7981,138412
2017-11-01,3072,7981,137314
2017-10-11,3073,7981,137042
2017-09-13,3074,7981,136681
2017-09-06,3075,7981,136543
2017-06-06,3076,7981,135128
2017-05-16,3077,7981,134856
2017-05-02,3078,7981,134631
2017-04-04,3079,7981,134313
2017-03-15,3080,7981,133920
2016-12-07,3081,7981,133071
2016-12-07,3082,7981,133055
2016-09-14,3083,7981,131661
2016-09-13,3084,7981,131635
2016-09-07,3085,7981,131557
2016-09-06,3086,7981,131513
2016-09-06,3087,7981,131523
2016-05-18,3088,7981,129748
2016-05-03,3089,7981,129428
2016-03-15,3090,7981,128709
2015-12-01,3091,7981,127677
2015-10-06,3092,7981,126852
2015-10-06,3093,7981,126859
2019-05-08,3094,7746,143492
2019-04-03,3095,7746,143090
2019-04-03,3096,7746,143088
2018-05-09,3097,7746,139621
2018-06-05,3098,10034,139996
2018-05-02,3099,10034,139501
2017-06-13,3100,10034,135251
2017-03-15,3101,10034,133923
2016-12-07,3102,10034,133055
2016-04-06,3103,10034,128973
2015-12-01,3104,10034,127679
2015-11-03,3105,10034,127166
2018-09-19,3106,7754,141316
2018-04-03,3107,7754,139097
2017-11-01,3108,7754,137324
2017-09-13,3109,7754,136681
2017-09-13,3110,7754,136656
2017-09-05,3111,7754,136513
2017-05-16,3112,7754,134856
2017-05-09,3113,7754,134756
2017-03-15,3114,7754,133923
2016-12-06,3115,7754,133026
2016-06-07,3116,7754,130118
2015-12-21,3117,7754,127996
2015-11-10,3118,7754,127270
2015-10-27,3119,7754,127066
2015-04-14,3120,7754,124117
2016-07-06,3121,11623,130632
2016-07-06,3122,11623,130634
2016-05-18,3123,11623,129747
2016-05-03,3124,11623,129429
2015-07-07,3125,5193,125360
2015-07-01,3126,5193,125260
2015-06-03,3127,5193,124797
2015-06-01,3128,5193,124752
2015-04-07,3129,5193,123959
2015-04-07,3130,5193,123963
2015-03-11,3131,5193,123645
2015-03-04,3132,5193,123524
2015-03-04,3133,5193,123529
2015-03-04,3134,5193,123531
2015-03-03,3135,5193,123495
2015-03-03,3136,5193,123496
2015-03-03,3137,5193,123497
2018-04-04,3138,11818,139123
2016-08-11,3139,11818,131177
2018-11-22,3140,9973,141950
2018-06-05,3141,9973,140003
2017-10-04,3142,9973,136937
2017-06-22,3143,9973,135388
2017-05-16,3144,9973,134856
2017-05-16,3145,9973,134862
2017-03-15,3146,9973,133923
2017-03-07,3147,9973,133778
2017-03-03,3148,9973,133711
2016-11-08,3149,9973,132542
2016-09-13,3150,9973,131643
2016-08-11,3151,9973,131177
2016-08-01,3152,9973,130980
2016-07-12,3153,9973,130715
2016-07-05,3154,9973,130611
2016-06-15,3155,9973,130261
2016-03-16,3156,9973,128771
2016-03-16,3157,9973,128759
2015-06-10,3158,9973,124969
2015-06-09,3159,9973,124909
2015-04-07,3160,9973,123959
2015-03-11,3161,9973,123646
2019-05-08,3162,11600,143492
2018-09-04,3163,11600,141115
2017-06-06,3164,11600,135132
2017-04-05,3165,11600,134354
2017-03-15,3166,11600,133923
2016-10-19,3167,11600,132181
2016-10-14,3168,11600,132139
2016-08-10,3169,11600,131159
2016-05-03,3170,11600,129433
2016-04-06,3171,11600,128973
2017-12-20,3172,11626,138016
2015-04-07,3173,11672,123946
2017-10-10,3174,7962,137017
2017-04-04,3175,7962,134313
2019-03-13,3176,11580,142562
2018-11-06,3177,11580,141758
2018-03-09,3178,11580,138818
2017-10-10,3179,11580,137017
2017-06-13,3180,11580,135245
2017-05-16,3181,11580,134856
2017-05-09,3182,11580,134752
2017-05-02,3183,11580,134626
2017-04-04,3184,11580,134313
2017-02-15,3185,11580,133598
2016-09-13,3186,11580,131635
2016-05-03,3187,11580,129429
2015-12-15,3188,11580,127907
2015-11-17,3189,11580,127438
2015-10-06,3190,11580,126859
2015-09-01,3191,11580,126284
2015-08-05,3192,11580,125820
2015-06-18,3193,11580,125087
2015-06-16,3194,11580,125024
2015-06-16,3195,11580,125025
2015-04-15,3196,11580,124149
2015-04-07,3197,11580,123946
2015-03-04,3198,11580,123525
2018-10-24,3199,7982,141631
2018-07-04,3200,7982,140359
2017-02-15,3201,11692,133598
2016-12-28,3202,11692,133330
2015-11-17,3203,11692,127438
2015-07-08,3204,11833,125375
