fecha,id_legislador,id_proyecto,organismo
2016-08-11 00:00:00,5146,131186,TRIBUNAL CUENTAS
2019-03-25 00:00:00,9891,143021,INAU*
2019-03-25 00:00:00,9891,143023,MINISTERIO INTERIOR
2019-03-25 00:00:00,9891,143019,INISA*
2018-11-03 00:00:00,9891,141805,INISA*
2018-05-16 00:00:00,9891,139765,INAU*
2017-10-03 00:00:00,9891,136897,COTRYBA*
2017-07-10 00:00:00,9891,135629,ONSC*
2017-06-08 00:00:00,9891,135191,COMISION NACIONAL HONORARIA ZOONOSIS
2017-06-06 00:00:00,9891,135133,AFE*
2017-04-24 00:00:00,9891,134493,MTSS*
2017-04-06 00:00:00,9891,134373,UTE*
2017-04-06 00:00:00,9891,134373,DIRECCION NACIONAL ENERGIA
2017-04-06 00:00:00,9891,134373,ADME*
2017-04-06 00:00:00,9891,134373,URSEA*
2017-04-03 00:00:00,9891,134275,MEC*
2017-04-03 00:00:00,9891,134270,MTSS*
2017-04-03 00:00:00,9891,134270,MIDES*
2016-05-03 00:00:00,9891,129398,MIDES*
2016-04-27 00:00:00,9891,129297,MIDES*
2016-03-08 00:00:00,9891,128543,SNIC*
2016-03-08 00:00:00,9891,128544,INAU*
2015-10-27 00:00:00,9891,127070,BPS*
2015-08-04 00:00:00,9891,125763,ONSC*
2015-08-04 00:00:00,9891,125766,INAU*
2015-08-04 00:00:00,9891,125767,SIRPA*
2015-03-20 00:00:00,9891,123841,ANTEL*
2015-03-20 00:00:00,9891,123840,ANTEL*
2015-03-20 00:00:00,9891,123842,MEF*
2015-03-20 00:00:00,9891,123844,ANCAP*
2015-03-20 00:00:00,9891,123843,BROU*
2019-03-14 00:00:00,1044,142825,MEF*
2019-03-14 00:00:00,1044,142825,MTOP*
2019-03-14 00:00:00,1044,142825,ANP*
2019-03-14 00:00:00,1044,142825,MGAP*
2019-03-14 00:00:00,1044,142825,DINARA*
2019-03-14 00:00:00,1044,142825,MVOTMA*
2019-03-14 00:00:00,1044,142825,INSTITUTO PROMOCION INVERSION Y EXPORTACIONES BIENES Y SERVICIOS
2018-05-17 00:00:00,1044,139767,MEC*
2016-10-24 00:00:00,1044,132262,INAU*
2016-09-14 00:00:00,1044,131662,MTOP*
2016-09-05 00:00:00,1044,131445,MINISTERIO INTERIOR
2016-07-11 00:00:00,1044,130678,ASSE*
2016-07-11 00:00:00,1044,130680,ASSE*
2016-07-11 00:00:00,1044,130682,MSP*
2016-06-06 00:00:00,1044,130069,MVOTMA*
2016-05-24 00:00:00,1044,129840,MGAP*
2016-05-24 00:00:00,1044,129841,MVOTMA*
2016-05-24 00:00:00,1044,129836,ANCAP*
2016-05-02 00:00:00,1044,129337,MVOTMA*
2016-04-28 00:00:00,1044,129315,OSE*
2016-04-28 00:00:00,1044,129316,ANCAP*
2016-04-28 00:00:00,1044,129317,MVOTMA*
2016-06-07 00:00:00,9913,130250,MEC*
2016-06-07 00:00:00,9913,130084,MEC*
2015-12-08 00:00:00,9913,127780,MVOTMA*
2019-02-11 00:00:00,8267,142481,MGAP*
2019-03-25 00:00:00,11524,143018,MVOTMA*
2019-03-25 00:00:00,11524,143022,MTOP*
2019-02-27 00:00:00,11524,142517,MIEM*
2019-02-27 00:00:00,11524,142519,MVOTMA*
2019-02-21 00:00:00,11524,142506,OSE*
2019-02-21 00:00:00,11524,142505,DINAMA*
2019-02-21 00:00:00,11524,142508,MGAP*
2019-02-21 00:00:00,11524,142507,MSP*
2018-12-17 00:00:00,11524,142217,BPS*
2018-11-26 00:00:00,11524,141957,MSP*
2018-10-30 00:00:00,11524,141706,AFE*
2018-10-03 00:00:00,11524,141444,DINAMA*
2018-10-02 00:00:00,11524,141426,MSP*
2018-09-13 00:00:00,11524,141238,MVOTMA*
2018-08-10 00:00:00,11524,140757,MIEM*
2018-08-10 00:00:00,11524,140757,AUTORIDAD REGULADORA NACIONAL RADIOPROTECCION
2018-07-03 00:00:00,11524,140342,COMISION NACIONAL HONORARIA ZOONOSIS
2018-06-29 00:00:00,11524,140280,MSP*
2018-06-29 00:00:00,11524,140282,COTRYBA*
2018-06-07 00:00:00,11524,140040,OSE*
2018-06-05 00:00:00,11524,139973,ASSE*
2018-05-23 00:00:00,11524,139822,MVOTMA*
2018-05-23 00:00:00,11524,139824,MVOTMA*
2018-05-18 00:00:00,11524,139784,INC*
2017-11-22 00:00:00,11524,137687,MGAP*
2017-08-31 00:00:00,11524,136458,ANEP*
2017-08-31 00:00:00,11524,136461,MGAP*
2017-08-29 00:00:00,11524,136428,ANEP*
2017-08-29 00:00:00,11524,136430,OSE*
2017-08-29 00:00:00,11524,136431,DINAGUA*
2017-07-13 00:00:00,11524,135720,MEC*
2017-06-21 00:00:00,11524,135355,MVOTMA*
2017-06-21 00:00:00,11524,135356,MDN*
2017-06-21 00:00:00,11524,135357,MTSS*
2017-06-06 00:00:00,11524,135131,MGAP*
2017-05-16 00:00:00,11524,134868,MVOTMA*
2017-05-11 00:00:00,11524,134808,ANCAP*
2017-05-11 00:00:00,11524,134808,INC*
2016-12-06 00:00:00,11524,133046,MIEM*
2016-12-06 00:00:00,11524,133047,MTSS*
2016-12-06 00:00:00,11524,133049,DNA*
2016-11-23 00:00:00,11524,132830,DINAMA*
2017-07-26 00:00:00,9900,135905,ONSC*
2017-07-24 00:00:00,9900,135884,CORTE ELECTORAL
2017-07-26 00:00:00,414,135905,ONSC*
2018-12-19 00:00:00,5131,142262,OSE*
2018-12-19 00:00:00,5131,142264,MVOTMA*
2018-12-19 00:00:00,5131,142265,MSP*
2018-12-13 00:00:00,5131,142177,PNN*
2018-12-13 00:00:00,5131,142176,MSP*
2018-12-13 00:00:00,5131,142179,DINAMA*
2018-12-13 00:00:00,5131,142178,ANCAP*
2018-12-13 00:00:00,5131,142175,OSE*
2018-12-13 00:00:00,5131,142174,MGAP*
2017-10-02 00:00:00,5131,136804,OSE*
2017-10-02 00:00:00,5131,136804,MGAP*
2017-10-02 00:00:00,5131,136804,MVOTMA*
2017-10-02 00:00:00,5131,136804,PNN*
2016-05-10 00:00:00,5131,129568,ASSE*
2016-05-03 00:00:00,5131,129417,ASSE*
2016-03-02 00:00:00,5131,128467,MSP*
2015-07-23 00:00:00,5131,125597,MSP*
2015-07-08 00:00:00,5131,125370,MSP*
2019-03-19 00:00:00,922,142934,DINAMA*
2018-08-22 00:00:00,922,140941,MVOTMA*
2018-08-14 00:00:00,922,140790,MTOP*
2018-07-03 00:00:00,922,140336,ANP*
2018-06-20 00:00:00,922,140174,ANV*
2018-06-11 00:00:00,922,140071,MTOP*
2018-05-15 00:00:00,922,139702,MEF*
2018-05-08 00:00:00,922,139573,MGAP*
2018-05-02 00:00:00,922,139486,ANTEL*
2018-05-02 00:00:00,922,139487,ANTEL*
2018-05-02 00:00:00,922,139488,ANTEL*
2018-04-03 00:00:00,922,139045,MINISTERIO INTERIOR
2018-03-21 00:00:00,922,138978,MTOP*
2018-03-21 00:00:00,922,138978,AFE*
2018-03-21 00:00:00,922,138978,ANP*
2018-03-21 00:00:00,922,138979,INDA*
2018-03-20 00:00:00,922,138952,MTOP*
2018-03-20 00:00:00,922,138955,MIDES*
2018-03-12 00:00:00,922,138838,ANCAP*
2018-03-07 00:00:00,922,138765,DINAMA*
2018-03-05 00:00:00,922,138617,MRREE*
2018-03-03 00:00:00,922,138694,FISCALIA GENERAL NACION
2018-02-19 00:00:00,922,138436,MGAP*
2018-02-19 00:00:00,922,138436,INC*
2018-02-09 00:00:00,922,138437,MINISTERIO INTERIOR
2017-10-02 00:00:00,922,136808,ANCAP*
2017-09-13 00:00:00,922,136639,MINISTERIO INTERIOR
2017-09-12 00:00:00,922,136594,MTOP*
2017-04-18 00:00:00,922,134382,MIEM*
2017-03-27 00:00:00,922,134143,MINISTERIO INTERIOR
2017-03-22 00:00:00,922,134035,BROU*
2017-03-13 00:00:00,922,133826,MEC*
2017-03-07 00:00:00,922,133750,MTOP*
2017-03-07 00:00:00,922,133750,MVOTMA*
2017-03-07 00:00:00,922,133750,OPP*
2017-02-14 00:00:00,922,133585,ANP*
2017-02-07 00:00:00,922,133573,MINISTERIO INTERIOR
2017-02-02 00:00:00,922,133563,MIDES*
2016-12-19 00:00:00,922,133217,MINISTERIO INTERIOR
2016-12-19 00:00:00,922,133217,MRREE*
2016-11-30 00:00:00,922,132927,ANCAP*
2016-11-30 00:00:00,922,132927,MIEM*
2016-11-21 00:00:00,922,132760,MRREE*
2016-11-15 00:00:00,922,132693,ASSE*
2016-11-15 00:00:00,922,132681,MEF*
2016-11-15 00:00:00,922,132713,MEF*
2016-11-15 00:00:00,922,132708,BROU*
2019-04-12 00:00:00,10003,143212,MEVIR*
2019-04-12 00:00:00,10003,143212,BHU*
2019-04-12 00:00:00,10003,143212,MVOTMA*
2019-04-12 00:00:00,10003,143212,MIDES*
2019-04-12 00:00:00,10003,143212,ANV*
2018-10-03 00:00:00,10003,141458,UDELAR*
2018-10-03 00:00:00,10003,141458,MEF*
2018-10-03 00:00:00,10003,141458,BCU*
2018-10-03 00:00:00,10003,141458,BHU*
2018-10-03 00:00:00,10003,141458,BROU*
2018-10-03 00:00:00,10003,141458,BSE*
2018-10-03 00:00:00,10003,141458,MINISTERIO INTERIOR
2018-10-03 00:00:00,10003,141458,MRREE*
2018-10-03 00:00:00,10003,141458,ANTEL*
2018-10-03 00:00:00,10003,141458,MTOP*
2018-10-03 00:00:00,10003,141458,AFE*
2018-10-03 00:00:00,10003,141458,ANP*
2018-10-03 00:00:00,10003,141458,OSE*
2018-10-03 00:00:00,10003,141458,ANCAP*
2018-10-03 00:00:00,10003,141458,UTE*
2018-10-03 00:00:00,10003,141458,BPS*
2018-10-03 00:00:00,10003,141458,ASSE*
2018-10-03 00:00:00,10003,141458,MGAP*
2018-10-03 00:00:00,10003,141458,INC*
2018-10-03 00:00:00,10003,141458,MINISTERIO TURISMO
2018-10-03 00:00:00,10003,141458,INAU*
2018-10-03 00:00:00,10003,141458,MEC*
2018-10-03 00:00:00,10003,141458,ONSC*
2018-10-03 00:00:00,10003,141458,MVOTMA*
2018-10-03 00:00:00,10003,141458,ANEP*
2018-10-03 00:00:00,10003,141458,OPP*
2018-10-03 00:00:00,10003,141458,ANC*
2018-10-03 00:00:00,10003,141458,MSP*
2018-10-03 00:00:00,10003,141458,MTSS*
2018-10-03 00:00:00,10003,141458,MDN*
2018-10-03 00:00:00,10003,141458,MIEM*
2018-10-03 00:00:00,10003,141458,JUTEP*
2018-10-03 00:00:00,10003,141458,MIDES*
2018-10-03 00:00:00,10003,141458,ANV*
2018-10-03 00:00:00,10003,141458,UTEC*
2018-10-03 00:00:00,10003,141458,INUMET*
2018-10-03 00:00:00,10003,141458,FISCALIA GENERAL NACION
2018-10-03 00:00:00,10003,141458,INISA*
2018-08-02 00:00:00,10003,140680,BROU*
2018-08-02 00:00:00,10003,140680,DGI*
2018-04-03 00:00:00,10003,139090,DIRECCION NACIONAL LOTERIAS Y QUINIELAS
2018-03-19 00:00:00,10003,138939,ANEP*
2016-06-09 00:00:00,10003,130524,ONSC*
2015-07-07 00:00:00,10003,125359,MTSS*
2015-06-03 00:00:00,10003,124900,MSP*
2015-06-02 00:00:00,10003,124897,MSP*
2017-07-26 00:00:00,277,135905,ONSC*
2017-07-24 00:00:00,277,135884,CORTE ELECTORAL
2019-04-02 00:00:00,598,143078,DGI*
2019-02-26 00:00:00,598,142515,TRIBUNAL CUENTAS
2018-10-05 00:00:00,598,141479,MEF*
2018-10-05 00:00:00,598,141479,MTOP*
2018-10-05 00:00:00,598,141479,OPP*
2018-10-02 00:00:00,598,141415,MINISTERIO INTERIOR
2018-08-21 00:00:00,598,140929,ANTEL*
2018-08-21 00:00:00,598,140929,ANCAP*
2018-08-21 00:00:00,598,140929,UTE*
2018-08-21 00:00:00,598,140929,BPS*
2018-08-21 00:00:00,598,140929,ONSC*
2018-06-21 00:00:00,598,140187,MSP*
2018-06-06 00:00:00,598,140013,MTSS*
2018-05-29 00:00:00,598,139905,ANTEL*
2018-03-13 00:00:00,598,138857,MEF*
2018-03-13 00:00:00,598,138857,OPP*
2017-10-03 00:00:00,598,136834,MVOTMA*
2017-09-13 00:00:00,598,136640,AFE*
2017-07-26 00:00:00,598,135903,MTOP*
2017-05-31 00:00:00,598,135046,MTOP*
2017-05-31 00:00:00,598,135047,OSE*
2016-12-13 00:00:00,598,133136,MINISTERIO INTERIOR
2016-11-30 00:00:00,598,132926,MDN*
2015-11-04 00:00:00,598,127180,BPS*
2015-08-18 00:00:00,598,126059,SODRE*
2015-08-18 00:00:00,598,126063,ANTEL*
2019-04-03 00:00:00,6900,143137,MINISTERIO INTERIOR
2019-04-03 00:00:00,6900,143137,ASSE*
2019-04-03 00:00:00,6900,143137,MEC*
2019-04-03 00:00:00,6900,143137,MSP*
2019-04-03 00:00:00,6900,143137,HOSPITAL CLINICAS DR. MANUEL QUINTELA
2018-12-17 00:00:00,6900,142247,DINAMA*
2018-12-17 00:00:00,6900,142209,PNN*
2018-12-17 00:00:00,6900,142246,MTOP*
2018-10-04 00:00:00,6900,141472,ASSE*
2018-10-04 00:00:00,6900,141472,MSP*
2018-09-24 00:00:00,6900,141349,MSP*
2018-06-05 00:00:00,6900,139961,MDN*
2018-06-05 00:00:00,6900,139963,MINISTERIO INTERIOR
2018-05-15 00:00:00,6900,139701,CETP*
2018-05-03 00:00:00,6900,139536,MGAP*
2017-12-14 00:00:00,6900,137934,ASSE*
2017-11-14 00:00:00,6900,137551,FACULTAD CIENCIAS
2017-10-19 00:00:00,6900,137166,UTE*
2017-10-03 00:00:00,6900,136928,BSE*
2017-08-08 00:00:00,6900,136174,MDN*
2017-06-29 00:00:00,6900,135486,MINISTERIO INTERIOR
2017-06-06 00:00:00,6900,135138,MGAP*
2017-06-06 00:00:00,6900,135138,DINARA*
2017-03-13 00:00:00,6900,133866,CODICEN* (ANEP)
2017-03-13 00:00:00,6900,133867,MVOTMA*
2016-12-29 00:00:00,6900,133367,BROU*
2016-09-13 00:00:00,6900,131640,UTE*
2016-06-14 00:00:00,6900,130230,MEF*
2016-04-12 00:00:00,6900,129094,DGI*
2016-04-12 00:00:00,6900,129094,CODICEN* (ANEP)
2016-03-16 00:00:00,6900,128745,INC*
2015-09-01 00:00:00,6900,126323,OSE*
2015-08-10 00:00:00,6900,125868,MTOP*
2015-07-16 00:00:00,6900,125531,UTE*
2015-07-16 00:00:00,6900,125529,MVOTMA*
2018-03-06 00:00:00,7604,138649,SUPREMA CORTE JUSTICIA
2017-12-05 00:00:00,7604,137780,MTSS*
2017-10-03 00:00:00,7604,136854,MVOTMA*
2017-10-03 00:00:00,7604,136852,MIDES*
2017-10-03 00:00:00,7604,136850,MINISTERIO TURISMO
2017-10-03 00:00:00,7604,136817,MEC*
2017-10-03 00:00:00,7604,136861,ONSC*
2017-10-03 00:00:00,7604,136855,OPP*
2017-10-03 00:00:00,7604,136821,MGAP*
2017-10-03 00:00:00,7604,136820,MEF*
2017-10-03 00:00:00,7604,136819,MTSS*
2017-10-03 00:00:00,7604,136822,MTOP*
2017-10-03 00:00:00,7604,136849,MSP*
2017-10-03 00:00:00,7604,136847,MRREE*
2017-10-03 00:00:00,7604,136823,MIEM*
2017-05-10 00:00:00,8584,134764,MGAP*
2015-08-11 00:00:00,8584,125890,MIEM*
2015-06-16 00:00:00,8584,125020,ONSC*
2015-04-14 00:00:00,8584,124099,MVOTMA*
2015-04-14 00:00:00,8584,124104,MGAP*
2018-02-21 00:00:00,10209,138503,TCA*
2018-12-13 00:00:00,9969,142171,MIDES*
2018-11-06 00:00:00,9969,141746,MINISTERIO TURISMO
2018-08-03 00:00:00,5304,140688,INC*
2018-05-22 00:00:00,5304,139811,MGAP*
2018-05-22 00:00:00,5304,139812,MGAP*
2016-10-19 00:00:00,5304,132146,MGAP*
2016-06-15 00:00:00,5304,130244,UDELAR*
2016-06-15 00:00:00,5304,130244,MEF*
2016-06-15 00:00:00,5304,130244,BCU*
2016-06-15 00:00:00,5304,130244,BHU*
2016-06-15 00:00:00,5304,130244,BROU*
2016-06-15 00:00:00,5304,130244,BSE*
2016-06-15 00:00:00,5304,130244,MINISTERIO INTERIOR
2016-06-15 00:00:00,5304,130244,MRREE*
2016-06-15 00:00:00,5304,130244,ANTEL*
2016-06-15 00:00:00,5304,130244,CODICEN* (ANEP)
2016-06-15 00:00:00,5304,130244,MTOP*
2016-06-15 00:00:00,5304,130244,AFE*
2016-06-15 00:00:00,5304,130244,ANP*
2016-06-15 00:00:00,5304,130244,ANCAP*
2016-06-15 00:00:00,5304,130244,UTE*
2016-06-15 00:00:00,5304,130244,BPS*
2016-06-15 00:00:00,5304,130244,ASSE*
2016-06-15 00:00:00,5304,130244,MGAP*
2016-06-15 00:00:00,5304,130244,INC*
2016-06-15 00:00:00,5304,130244,MINISTERIO TURISMO
2016-06-15 00:00:00,5304,130244,CORTE ELECTORAL
2016-06-15 00:00:00,5304,130244,TRIBUNAL CUENTAS
2016-06-15 00:00:00,5304,130244,INAU*
2016-06-15 00:00:00,5304,130244,MEC*
2016-06-15 00:00:00,5304,130244,MVOTMA*
2016-06-15 00:00:00,5304,130244,ANEP*
2016-06-15 00:00:00,5304,130244,OPP*
2016-06-15 00:00:00,5304,130244,MSP*
2016-06-15 00:00:00,5304,130244,MTSS*
2016-06-15 00:00:00,5304,130244,MDN*
2016-06-15 00:00:00,5304,130244,MIEM*
2016-06-15 00:00:00,5304,130244,MIDES*
2016-06-15 00:00:00,5304,130244,ANV*
2016-06-15 00:00:00,5304,130244,UTEC*
2015-09-09 00:00:00,5304,126478,MGAP*
2018-04-27 00:00:00,3157,139442,MDN*
2018-04-27 00:00:00,3157,139441,MDN*
2019-03-29 00:00:00,3948,143052,ANCAP*
2019-03-29 00:00:00,3948,143053,BPS*
2017-11-06 00:00:00,3948,137356,ANCAP*
2017-08-15 00:00:00,3948,136264,MTSS*
2017-07-17 00:00:00,3948,135781,MEF*
2017-07-17 00:00:00,3948,135783,UTE*
2017-04-07 00:00:00,3948,134378,ANCAP*
2016-07-27 00:00:00,3948,130931,INDA*
2016-07-22 00:00:00,3948,130870,MVOTMA*
2016-06-08 00:00:00,3948,130176,ANCAP*
2015-12-04 00:00:00,3948,127737,ANCAP*
2015-10-23 00:00:00,3948,127049,MEF*
2015-08-07 00:00:00,3948,125873,MSP*
2015-07-15 00:00:00,3948,125512,MGAP*
2015-06-23 00:00:00,3948,125113,ANTEL*
2017-07-24 00:00:00,11383,135884,CORTE ELECTORAL
2018-10-10 00:00:00,9927,141518,MEF*
2018-06-05 00:00:00,9927,139976,MIEM*
2018-06-05 00:00:00,9927,139977,MIEM*
2018-06-05 00:00:00,9927,139978,MIEM*
2018-06-05 00:00:00,9927,139975,MGAP*
2018-06-05 00:00:00,9927,139960,MVOTMA*
2018-06-05 00:00:00,9927,139964,MVOTMA*
2018-06-05 00:00:00,9927,139966,MVOTMA*
2018-06-05 00:00:00,9927,139979,MIEM*
2018-06-05 00:00:00,9927,139997,OPP*
2018-06-05 00:00:00,9927,139999,MEF*
2018-06-05 00:00:00,9927,140000,MGAP*
2018-06-05 00:00:00,9927,139995,MEF*
2018-06-05 00:00:00,9927,139980,MVOTMA*
2018-06-05 00:00:00,9927,139981,MTOP*
2018-06-05 00:00:00,9927,139983,MTOP*
2018-05-16 00:00:00,9927,139761,MEF*
2018-05-16 00:00:00,9927,139762,MRREE*
2018-05-16 00:00:00,9927,139763,MIEM*
2017-12-05 00:00:00,9927,137760,MEF*
2017-10-17 00:00:00,9927,137129,MTOP*
2017-05-02 00:00:00,9927,134604,MEC*
2017-04-04 00:00:00,9927,134312,MVOTMA*
2016-12-06 00:00:00,9927,133037,MEC*
2016-11-17 00:00:00,9927,132735,MIEM*
2016-10-31 00:00:00,9927,132422,MTOP*
2016-10-31 00:00:00,9927,132424,MTOP*
2016-10-31 00:00:00,9927,132425,MTOP*
2016-10-04 00:00:00,9927,131915,MSP*
2016-10-04 00:00:00,9927,131914,MIDES*
2016-10-04 00:00:00,9927,131916,MDN*
2016-10-04 00:00:00,9927,132064,MVOTMA*
2016-10-04 00:00:00,9927,131917,MIDES*
2016-10-04 00:00:00,9927,131913,MTOP*
2016-10-04 00:00:00,9927,131905,MVOTMA*
2016-09-26 00:00:00,9927,131773,MVOTMA*
2016-09-26 00:00:00,9927,131774,SUPREMA CORTE JUSTICIA
2016-09-07 00:00:00,9927,131543,MTOP*
2016-09-07 00:00:00,9927,131547,MTSS*
2015-06-02 00:00:00,7737,124778,ADMINISTRACION SEGUROS SOCIALES ENFERMEDAD
2015-04-06 00:00:00,7737,123940,MINISTERIO TURISMO Y DEPORTE
2015-04-06 00:00:00,7737,123936,INE*
2015-03-10 00:00:00,7737,123764,MTOP*
2015-02-25 00:00:00,7737,123413,BROU*
2015-02-25 00:00:00,7737,123413,ANTEL*
2015-02-25 00:00:00,7737,123413,OSE*
2015-02-25 00:00:00,7737,123413,ANCAP*
2015-02-25 00:00:00,7737,123413,UTE*
2018-11-06 00:00:00,9964,141763,MSP*
2018-10-03 00:00:00,9964,141437,OPP*
2018-10-02 00:00:00,9964,141439,INSTITUTO NACIONAL MUJERES
2018-09-13 00:00:00,9964,141236,MVOTMA*
2018-09-04 00:00:00,9964,141122,MVOTMA*
2018-07-31 00:00:00,9964,140640,OPP*
2018-07-31 00:00:00,9964,140642,OPP*
2018-07-31 00:00:00,9964,140644,MSP*
2018-04-17 00:00:00,9964,139311,MTSS*
2018-02-08 00:00:00,9964,138396,MVOTMA*
2017-10-03 00:00:00,9964,136844,MGAP*
2017-05-11 00:00:00,9964,134807,MTOP*
2017-04-25 00:00:00,9964,134520,MIDES*
2016-10-17 00:00:00,9964,131251,MIDES*
2016-09-06 00:00:00,9964,131448,MEC*
2016-07-27 00:00:00,9964,130908,MIDES*
2016-07-27 00:00:00,9964,130916,SUPREMA CORTE JUSTICIA
2016-07-13 00:00:00,9964,130768,MIDES*
2016-07-06 00:00:00,9964,130648,MIDES*
2016-06-01 00:00:00,9964,129985,MSP*
2016-05-03 00:00:00,9964,129383,MSP*
2016-03-08 00:00:00,9964,128562,MIDES*
2016-03-06 00:00:00,9964,128939,OPP*
2015-10-11 00:00:00,9964,126907,MIEM*
2015-03-17 00:00:00,9964,123753,MSP*
2015-03-17 00:00:00,9964,123753,MIDES*
2015-03-10 00:00:00,9964,123596,MTSS*
2017-10-11 00:00:00,11525,137059,MEF*
2016-11-15 00:00:00,11525,132686,MEF*
2016-07-05 00:00:00,11525,130563,MEC*
2016-07-05 00:00:00,11525,130600,SUPREMA CORTE JUSTICIA
2017-06-22 00:00:00,260,135403,MVOTMA*
2016-10-31 00:00:00,260,132420,MSP*
2016-10-31 00:00:00,260,132421,MSP*
2016-10-18 00:00:00,260,132119,MTOP*
2016-10-18 00:00:00,260,132120,MTOP*
2016-10-18 00:00:00,260,132122,MTOP*
2016-05-03 00:00:00,260,129371,MEF*
2016-04-12 00:00:00,260,129075,MIEM*
2016-03-16 00:00:00,260,128904,MINISTERIO INTERIOR
2015-08-21 00:00:00,260,126143,MEF*
2015-08-11 00:00:00,260,125889,MEF*
2015-08-11 00:00:00,260,125892,TRIBUNAL CUENTAS
2015-08-11 00:00:00,260,125893,MINISTERIO INTERIOR
2015-06-18 00:00:00,260,125085,MTOP*
2019-04-12 00:00:00,2965,143209,INAU*
2019-04-04 00:00:00,2965,143116,MDN*
2019-02-11 00:00:00,2965,142482,MRREE*
2018-12-05 00:00:00,2965,142087,MEF*
2018-12-05 00:00:00,2965,142087,MINISTERIO INTERIOR
2018-12-05 00:00:00,2965,142087,MDN*
2018-11-13 00:00:00,2965,141838,MSP*
2018-07-31 00:00:00,2965,140639,MDN*
2018-06-12 00:00:00,2965,140083,MINISTERIO INTERIOR
2018-06-11 00:00:00,2965,140073,FISCALIA GENERAL NACION
2018-05-08 00:00:00,2965,139586,DIRECCION GENERAL CASINOS
2018-03-19 00:00:00,2965,138937,ANEP*
2018-03-13 00:00:00,2965,138868,ANEP*
2017-10-09 00:00:00,2965,136985,MSP*
2017-07-24 00:00:00,2965,135879,DIRECCION NACIONAL HIDROGRAFIA
2017-07-24 00:00:00,2965,135879,DINARA*
2017-07-10 00:00:00,2965,135639,MDN*
2017-05-30 00:00:00,2965,135025,ARMADA NACIONAL
2017-05-30 00:00:00,2965,135025,MRREE*
2017-05-30 00:00:00,2965,135025,ANP*
2017-05-30 00:00:00,2965,135025,MGAP*
2017-05-05 00:00:00,2965,134691,DNA*
2017-05-05 00:00:00,2965,134691,MINISTERIO INTERIOR
2017-05-05 00:00:00,2965,134691,MDN*
2017-04-26 00:00:00,2965,134562,MDN*
2017-02-07 00:00:00,2965,133574,ANCAP*
2017-01-31 00:00:00,2965,133535,DIRECCION NACIONAL BOMBEROS
2016-11-30 00:00:00,2965,132926,MDN*
2016-08-23 00:00:00,2965,131337,MDN*
2016-08-03 00:00:00,2965,131040,MSP*
2016-05-23 00:00:00,2965,129826,DIRECCION NACIONAL BOMBEROS
2016-05-09 00:00:00,2965,129517,MINISTERIO INTERIOR
2016-04-25 00:00:00,2965,129276,UTU*
2016-04-19 00:00:00,2965,129198,ASSE*
2016-04-14 00:00:00,2965,129177,MEC*
2016-03-08 00:00:00,2965,128616,MDN*
2016-02-11 00:00:00,2965,128309,MINISTERIO INTERIOR
2016-02-11 00:00:00,2965,128311,MDN*
2015-12-28 00:00:00,2965,128001,ASSE*
2015-10-19 00:00:00,2965,127018,ASSE*
2015-08-27 00:00:00,2965,126195,BROU*
2015-08-18 00:00:00,2965,126056,MEF*
2015-05-22 00:00:00,2965,124650,MEF*
2015-05-22 00:00:00,2965,124650,MDN*
2015-05-15 00:00:00,2965,124570,ANEP*
2015-05-15 00:00:00,2965,124570,MSP*
2015-03-17 00:00:00,2965,123767,MGAP*
2015-03-17 00:00:00,2965,123767,MSP*
2018-08-02 00:00:00,197,140681,MGAP*
2018-06-14 00:00:00,197,140156,MEC*
2018-04-03 00:00:00,197,139070,MTOP*
2018-02-21 00:00:00,197,138487,MIEM*
2017-12-19 00:00:00,197,137968,MSP*
2016-09-01 00:00:00,197,131421,MTOP*
2015-03-23 00:00:00,197,123870,ANP*
2017-07-26 00:00:00,10001,135905,ONSC*
2017-07-24 00:00:00,10001,135884,CORTE ELECTORAL
2019-02-01 00:00:00,5167,142456,MTOP*
2018-11-22 00:00:00,5167,141948,OSE*
2018-10-31 00:00:00,5167,141709,ANEP*
2018-10-22 00:00:00,5167,141601,INISA*
2018-08-13 00:00:00,5167,140776,MRREE*
2018-08-03 00:00:00,5167,140687,INDA*
2018-07-16 00:00:00,5167,140518,MTSS*
2018-07-10 00:00:00,5167,140439,MGAP*
2018-07-02 00:00:00,5167,140314,MINISTERIO TURISMO
2018-06-21 00:00:00,5167,140190,MRREE*
2018-06-07 00:00:00,5167,140044,MRREE*
2018-06-02 00:00:00,5167,140313,MVOTMA*
2018-05-14 00:00:00,5167,139698,MINISTERIO TURISMO
2018-05-14 00:00:00,5167,139696,MRREE*
2018-05-14 00:00:00,5167,139699,SECRETARIA NACIONAL DEPORTE
2018-05-08 00:00:00,5167,139708,MTSS*
2018-01-30 00:00:00,5167,138215,MINISTERIO INTERIOR
2017-09-14 00:00:00,5167,136690,ANP*
2017-07-03 00:00:00,5167,135525,MGAP*
2017-06-27 00:00:00,5167,135462,MINISTERIO INTERIOR
2017-06-27 00:00:00,5167,135463,MINISTERIO INTERIOR
2017-06-27 00:00:00,5167,135461,MINISTERIO INTERIOR
2017-05-30 00:00:00,5167,135025,ARMADA NACIONAL
2017-05-30 00:00:00,5167,135025,MRREE*
2017-05-30 00:00:00,5167,135025,ANP*
2017-05-30 00:00:00,5167,135025,MGAP*
2017-05-08 00:00:00,5167,134794,SUPREMA CORTE JUSTICIA
2017-05-08 00:00:00,5167,134798,MINISTERIO INTERIOR
2017-05-02 00:00:00,5167,134640,MGAP*
2017-04-25 00:00:00,5167,134515,MINISTERIO INTERIOR
2017-04-24 00:00:00,5167,134499,INSPECCION TRABAJO Y SEGURIDAD SOCIAL (GENERAL)
2017-04-24 00:00:00,5167,134501,MIEM*
2017-03-23 00:00:00,5167,134096,POLICIA CAMINERA
2017-03-14 00:00:00,5167,133871,MINISTERIO INTERIOR
2017-03-07 00:00:00,5167,133800,INSPECCION TRABAJO Y SEGURIDAD SOCIAL (GENERAL)
2017-03-07 00:00:00,5167,133761,DIRECCION NACIONAL BOMBEROS
2017-03-07 00:00:00,5167,133799,MDN*
2017-02-21 00:00:00,5167,133668,MINISTERIO INTERIOR
2017-02-15 00:00:00,5167,133652,OSE*
2017-02-02 00:00:00,5167,133561,MINISTERIO INTERIOR
2017-02-02 00:00:00,5167,133562,SUPREMA CORTE JUSTICIA
2016-10-26 00:00:00,5167,132281,MINISTERIO INTERIOR
2016-10-03 00:00:00,5167,131893,ANV*
2019-04-03 00:00:00,7740,143091,OPP*
2018-12-05 00:00:00,7740,142068,MINISTERIO INTERIOR
2018-12-05 00:00:00,7740,142071,MVOTMA*
2018-11-06 00:00:00,7740,141764,MSP*
2018-11-06 00:00:00,7740,141751,MEF*
2018-11-06 00:00:00,7740,141761,MIDES*
2018-10-02 00:00:00,7740,141412,MTOP*
2018-10-02 00:00:00,7740,141422,MVOTMA*
2018-07-10 00:00:00,7740,140431,SUPREMA CORTE JUSTICIA
2018-05-09 00:00:00,7740,139613,MEF*
2018-05-09 00:00:00,7740,139627,MIDES*
2018-05-09 00:00:00,7740,139628,ONSC*
2018-04-03 00:00:00,7740,139035,MGAP*
2018-04-03 00:00:00,7740,139058,MSP*
2018-04-03 00:00:00,7740,139065,MINISTERIO INTERIOR
2017-09-05 00:00:00,7740,136485,MINISTERIO INTERIOR
2017-09-05 00:00:00,7740,136486,MVOTMA*
2017-08-15 00:00:00,7740,136257,MSP*
2017-08-15 00:00:00,7740,136254,MGAP*
2017-08-15 00:00:00,7740,136254,MEC*
2017-08-15 00:00:00,7740,136254,MVOTMA*
2017-08-15 00:00:00,7740,136254,MSP*
2017-08-15 00:00:00,7740,136259,MEC*
2017-08-15 00:00:00,7740,136258,MGAP*
2017-06-22 00:00:00,7740,135371,MINISTERIO INTERIOR
2017-06-07 00:00:00,7740,135167,MEC*
2017-06-06 00:00:00,7740,135093,MTOP*
2017-05-02 00:00:00,7740,134617,MTSS*
2017-03-28 00:00:00,7740,134186,MIEM*
2017-03-28 00:00:00,7740,134176,MTSS*
2017-03-28 00:00:00,7740,134189,MEC*
2017-03-28 00:00:00,7740,134188,MINISTERIO TURISMO
2017-03-15 00:00:00,7740,133900,MEC*
2016-09-06 00:00:00,7740,131469,MIEM*
2016-03-10 00:00:00,7740,128639,BPS*
2016-03-10 00:00:00,7740,128639,INEFOP*
2015-11-17 00:00:00,7740,127415,MEC*
2015-11-04 00:00:00,7740,127185,MEF*
2015-11-04 00:00:00,7740,127185,MEC*
2015-11-04 00:00:00,7740,127185,OPP*
2015-11-04 00:00:00,7740,127185,MSP*
2015-11-04 00:00:00,7740,127185,MTSS*
2015-11-04 00:00:00,7740,127185,MIDES*
2018-09-19 00:00:00,2873,141310,MIEM*
2018-09-04 00:00:00,2873,141086,MTSS*
2018-07-31 00:00:00,2873,140650,MINISTERIO INTERIOR
2018-06-05 00:00:00,2873,139984,MEC*
2018-06-05 00:00:00,2873,140339,MEC*
2018-05-08 00:00:00,2873,139580,MIEM*
2018-03-07 00:00:00,2873,138759,MEC*
2018-03-07 00:00:00,2873,138757,CORTE ELECTORAL
2018-03-07 00:00:00,2873,138774,MIEM*
2018-03-07 00:00:00,2873,138772,MRREE*
2017-12-20 00:00:00,2873,137989,CORTE ELECTORAL
2017-11-07 00:00:00,2873,137371,MIEM*
2017-11-07 00:00:00,2873,137382,MIEM*
2017-11-07 00:00:00,2873,137393,MVOTMA*
2017-11-01 00:00:00,2873,137284,MVOTMA*
2017-06-13 00:00:00,2873,135232,TRIBUNAL CUENTAS
2017-06-13 00:00:00,2873,135228,MVOTMA*
2017-06-13 00:00:00,2873,135237,TRIBUNAL CUENTAS
2017-06-13 00:00:00,2873,135235,MIEM*
2017-03-28 00:00:00,2873,134159,MGAP*
2017-03-28 00:00:00,2873,134158,MINISTERIO INTERIOR
2017-03-28 00:00:00,2873,134156,MRREE*
2017-03-28 00:00:00,2873,134167,OPP*
2017-03-28 00:00:00,2873,134162,MIEM*
2017-03-28 00:00:00,2873,134160,MEC*
2017-03-28 00:00:00,2873,134148,MVOTMA*
2017-03-28 00:00:00,2873,134146,MIEM*
2017-03-28 00:00:00,2873,134149,MINISTERIO TURISMO
2017-03-28 00:00:00,2873,134152,MSP*
2017-03-28 00:00:00,2873,134151,MTOP*
2017-03-07 00:00:00,2873,133739,MINISTERIO INTERIOR
2017-02-15 00:00:00,2873,133645,MEC*
2016-11-17 00:00:00,2873,132734,CORTE ELECTORAL
2016-11-16 00:00:00,2873,132722,MRREE*
2016-11-16 00:00:00,2873,132720,MRREE*
2016-11-16 00:00:00,2873,132726,MTOP*
2016-11-16 00:00:00,2873,132721,MRREE*
2016-11-08 00:00:00,2873,132535,MINISTERIO INTERIOR
2016-10-31 00:00:00,2873,132393,MRREE*
2016-10-31 00:00:00,2873,132400,MEF*
2018-10-09 00:00:00,4500,141500,MINISTERIO INTERIOR
2018-10-09 00:00:00,4500,141504,MDN*
2018-05-03 00:00:00,4500,139526,UTE*
2017-07-04 00:00:00,4500,135547,FACULTAD CIENCIAS
2017-05-15 00:00:00,4500,134829,MTOP*
2017-05-15 00:00:00,4500,134829,AFE*
2017-05-05 00:00:00,4500,134689,MVOTMA*
2017-05-05 00:00:00,4500,134688,MEF*
2017-05-05 00:00:00,4500,134687,MTOP*
2017-05-03 00:00:00,4500,134649,MIDES*
2017-03-13 00:00:00,4500,133832,MINISTERIO INTERIOR
2017-03-13 00:00:00,4500,133834,ANEP*
2016-08-24 00:00:00,4500,131342,ANCAP*
2016-05-04 00:00:00,4500,129454,MINISTERIO INTERIOR
2016-05-04 00:00:00,4500,129455,MIDES*
2016-03-10 00:00:00,4500,128632,ANEP*
2015-10-07 00:00:00,4500,126864,ANCAP*
2015-09-15 00:00:00,4500,126631,ANEP*
2018-09-18 00:00:00,6839,141283,MEC*
2017-12-06 00:00:00,6839,137815,MRREE*
2017-10-10 00:00:00,6839,137006,MVOTMA*
2017-10-10 00:00:00,6839,137004,MEF*
2017-07-24 00:00:00,6839,135846,MINISTERIO INTERIOR
2018-12-04 00:00:00,408,142059,FISCALIA GENERAL NACION
2015-11-13 00:00:00,408,127380,CORTE ELECTORAL
2019-03-25 00:00:00,327,143024,MRREE*
2019-03-25 00:00:00,327,143024,MIEM*
2018-12-20 00:00:00,327,142238,TRIBUNAL CUENTAS
2018-12-18 00:00:00,327,142225,ANCAP*
2018-12-13 00:00:00,327,142167,MEF*
2018-12-13 00:00:00,327,142168,ANTEL*
2018-08-17 00:00:00,327,140898,MTOP*
2018-07-05 00:00:00,327,140392,ASSE*
2018-06-28 00:00:00,327,140255,MIEM*
2018-06-28 00:00:00,327,140256,MIDES*
2018-04-02 00:00:00,327,139030,MINISTERIO INTERIOR
2018-03-21 00:00:00,327,138961,MEC*
2018-03-21 00:00:00,327,138968,MTOP*
2018-03-01 00:00:00,327,138593,DIRECCION NACIONAL MIGRACION
2018-03-01 00:00:00,327,138594,DNA*
2018-03-01 00:00:00,327,138595,DINACIA*
2018-02-21 00:00:00,327,138499,AFE*
2018-02-14 00:00:00,327,138426,COMANDO EJERCITO (GENERAL)
2017-10-04 00:00:00,327,136908,OSE*
2017-09-26 00:00:00,327,136768,ANTEL*
2017-08-16 00:00:00,327,136285,ANCAP*
2017-07-17 00:00:00,327,135784,ANCAP*
2017-07-17 00:00:00,327,135784,MIEM*
2017-07-12 00:00:00,327,135706,ANEP*
2017-07-12 00:00:00,327,135676,ANCAP*
2017-06-26 00:00:00,327,135438,ANCAP*
2017-06-22 00:00:00,327,135370,MEF*
2017-06-22 00:00:00,327,135373,MVOTMA*
2017-06-12 00:00:00,327,135216,ANCAP*
2017-02-20 00:00:00,327,133665,MINISTERIO INTERIOR
2017-02-14 00:00:00,327,133592,ANCAP*
2016-12-19 00:00:00,327,133207,MVOTMA*
2016-12-09 00:00:00,327,133112,MTOP*
2016-11-22 00:00:00,327,132774,MEF*
2016-11-17 00:00:00,327,132749,ANCAP*
2016-11-08 00:00:00,327,132527,TELEVISION NACIONAL DEL URUGUAY
2016-10-28 00:00:00,327,132377,UDELAR*
2016-10-05 00:00:00,327,131978,MEF*
2016-09-26 00:00:00,327,131830,MEF*
2016-09-16 00:00:00,327,131691,DGI*
2016-09-13 00:00:00,327,131622,ANEP*
2016-08-16 00:00:00,327,131239,ANCAP*
2019-04-10 00:00:00,9897,143188,MSP*
2019-04-10 00:00:00,9897,143188,JUNASA*
2019-03-06 00:00:00,9897,142583,MVOTMA*
2019-03-06 00:00:00,9897,142585,MSP*
2018-10-16 00:00:00,9897,141562,MSP*
2018-08-15 00:00:00,9897,140835,MEF*
2018-07-31 00:00:00,9897,140628,MRREE*
2018-07-31 00:00:00,9897,140631,SUPREMA CORTE JUSTICIA
2018-07-31 00:00:00,9897,140633,MINISTERIO INTERIOR
2018-04-03 00:00:00,9897,139034,MRREE*
2018-03-06 00:00:00,9897,138712,MINISTERIO INTERIOR
2018-03-06 00:00:00,9897,138657,MINISTERIO INTERIOR
2018-03-06 00:00:00,9897,138716,MSP*
2018-03-06 00:00:00,9897,138720,MTSS*
2018-03-06 00:00:00,9897,138718,MTSS*
2017-10-03 00:00:00,9897,136963,MGAP*
2017-06-28 00:00:00,9897,135467,MDN*
2017-06-28 00:00:00,9897,135468,MDN*
2017-06-06 00:00:00,9897,135087,MSP*
2017-06-06 00:00:00,9897,135088,MTSS*
2016-09-13 00:00:00,9897,131618,MSP*
2016-09-13 00:00:00,9897,131630,MIDES*
2016-09-06 00:00:00,9897,131452,MEF*
2016-09-06 00:00:00,9897,131446,MIDES*
2016-09-06 00:00:00,9897,131456,MIDES*
2016-08-13 00:00:00,9897,131619,MEC*
2016-07-05 00:00:00,9897,130572,MIDES*
2016-07-05 00:00:00,9897,130583,MSP*
2015-08-11 00:00:00,9897,125888,OPP*
2015-08-11 00:00:00,9897,125895,OPP*
2015-07-01 00:00:00,9897,125237,MEC*
2015-07-01 00:00:00,9897,125238,MEF*
2015-07-01 00:00:00,9897,125241,MTSS*
2015-04-07 00:00:00,9897,123962,MINISTERIO TURISMO
2015-03-12 00:00:00,9897,123759,MVOTMA*
2017-07-04 00:00:00,7751,135544,MEF*
2017-07-26 00:00:00,423,135905,ONSC*
2016-10-24 00:00:00,423,132263,MEC*
2015-07-30 00:00:00,423,125698,BPS*
2015-08-04 00:00:00,2945,125831,MIDES*
2015-07-21 00:00:00,2945,125568,BPS*
2015-07-06 00:00:00,2945,125310,MSP*
2015-05-13 00:00:00,2945,124526,MSP*
2015-05-13 00:00:00,2945,124524,MINISTERIO INTERIOR
2015-05-11 00:00:00,2945,124438,INAU*
2015-04-20 00:00:00,2945,124216,ASSE*
2015-04-20 00:00:00,2945,124216,MSP*
2015-04-17 00:00:00,2945,124194,MTSS*
2015-04-17 00:00:00,2945,124196,MRREE*
2017-08-03 00:00:00,11537,136057,DIRECCION DEPARTAMENTAL SALUD PUBLICA
2017-08-03 00:00:00,11537,136058,MIDES*
2017-07-11 00:00:00,11537,135655,BPS*
2017-07-11 00:00:00,11537,135654,ADMINISTRACION SEGUROS SOCIALES ENFERMEDAD
2016-07-06 00:00:00,11537,130657,DIRECCION GENERAL COMERCIO
2016-07-06 00:00:00,11537,130648,MIDES*
2017-07-24 00:00:00,7769,135884,CORTE ELECTORAL
2017-07-26 00:00:00,11523,135905,ONSC*
2017-07-24 00:00:00,11523,135884,CORTE ELECTORAL
2017-03-10 00:00:00,11523,133817,DGI*
2016-12-28 00:00:00,11523,133358,COMISION NACIONAL HONORARIA ZOONOSIS
2016-12-28 00:00:00,11523,133358,COMISION NACIONAL HONORARIA TENENCIA RESPONSABLE Y BIENESTAR ANIMAL
2017-07-26 00:00:00,5262,135905,ONSC*
2017-07-24 00:00:00,5262,135884,CORTE ELECTORAL
2019-03-06 00:00:00,5165,142602,MIEM*
2019-03-06 00:00:00,5165,142601,MVOTMA*
2019-03-06 00:00:00,5165,142600,MIEM*
2019-03-06 00:00:00,5165,142598,MVOTMA*
2019-03-06 00:00:00,5165,142640,MIEM*
2019-03-06 00:00:00,5165,142631,MINISTERIO TURISMO
2019-03-06 00:00:00,5165,142629,MTOP*
2019-03-06 00:00:00,5165,142632,MTSS*
2019-03-06 00:00:00,5165,142638,MINISTERIO INTERIOR
2019-03-06 00:00:00,5165,142637,MRREE*
2019-03-06 00:00:00,5165,142658,MIEM*
2019-03-06 00:00:00,5165,142649,MSP*
2019-03-06 00:00:00,5165,142659,MIEM*
2019-03-06 00:00:00,5165,142701,MTOP*
2019-03-06 00:00:00,5165,142700,MVOTMA*
2019-03-06 00:00:00,5165,142644,MEC*
2019-03-06 00:00:00,5165,142641,MGAP*
2019-03-06 00:00:00,5165,142645,MEF*
2019-03-06 00:00:00,5165,142648,MDN*
2019-03-06 00:00:00,5165,142647,MIDES*
2019-03-06 00:00:00,5165,142628,MVOTMA*
2019-03-06 00:00:00,5165,142595,MEF*
2019-03-06 00:00:00,5165,142596,MEF*
2019-03-06 00:00:00,5165,142594,MEF*
2019-03-06 00:00:00,5165,142617,MEF*
2019-03-06 00:00:00,5165,142593,MEF*
2019-03-06 00:00:00,5165,142702,MEC*
2019-03-06 00:00:00,5165,142624,MSP*
2019-03-06 00:00:00,5165,142616,MEF*
2019-03-06 00:00:00,5165,142613,MEF*
2019-03-06 00:00:00,5165,142614,MEF*
2018-03-06 00:00:00,5165,138648,ONSC*
2018-03-06 00:00:00,5165,138663,MINISTERIO INTERIOR
2017-08-03 00:00:00,5165,136044,MSP*
2017-04-04 00:00:00,5165,134305,MVOTMA*
2016-05-03 00:00:00,5165,129363,MTOP*
2015-12-15 00:00:00,5165,127904,MVOTMA*
2015-06-03 00:00:00,5165,124795,MIEM*
2017-07-26 00:00:00,2903,135905,ONSC*
2017-07-24 00:00:00,2903,135884,CORTE ELECTORAL
2015-07-29 00:00:00,2903,125693,MTOP*
2016-10-11 00:00:00,11536,132042,DIRECCION NACIONAL BOMBEROS
2016-10-11 00:00:00,11536,132041,MVOTMA*
2016-10-11 00:00:00,11536,132044,MIDES*
2016-10-11 00:00:00,11536,132045,UTE*
2016-07-06 00:00:00,11536,130648,MIDES*
2016-05-19 00:00:00,11536,129797,DIRECCION NACIONAL BOMBEROS
2016-05-18 00:00:00,11536,129727,MEC*
2015-11-17 00:00:00,11536,127471,MIDES*
2015-03-03 00:00:00,2912,123482,MSP*
2017-07-05 00:00:00,7766,135575,ANEP*
2017-03-14 00:00:00,7766,133865,DINAMA*
2016-06-01 00:00:00,7766,130002,MRREE*
2015-08-12 00:00:00,7766,125928,DIRECCION GENERAL CASINOS
2015-08-10 00:00:00,7766,125870,INAVI*
2015-08-10 00:00:00,7766,125872,INAVI*
2017-07-26 00:00:00,5246,135905,ONSC*
2017-07-24 00:00:00,5246,135884,CORTE ELECTORAL
2017-04-19 00:00:00,5246,134430,CORTE ELECTORAL
2017-07-26 00:00:00,898,135905,ONSC*
2018-11-13 00:00:00,196,141824,MEF*
2018-06-12 00:00:00,196,140105,MIDES*
2018-06-05 00:00:00,196,140002,MVOTMA*
2018-03-13 00:00:00,196,138847,MINISTERIO INTERIOR
2018-03-07 00:00:00,196,138776,MEC*
2018-03-06 00:00:00,196,138677,MINISTERIO INTERIOR
2017-08-15 00:00:00,196,136260,MVOTMA*
2016-12-06 00:00:00,196,133029,MEF*
2016-12-06 00:00:00,196,133029,MGAP*
2016-12-06 00:00:00,196,133029,MIEM*
2016-08-16 00:00:00,196,131230,MINISTERIO INTERIOR
2016-07-05 00:00:00,196,130607,MTOP*
2016-04-12 00:00:00,196,129069,MINISTERIO INTERIOR
2015-11-03 00:00:00,196,127138,MINISTERIO INTERIOR
2017-07-26 00:00:00,3238,135905,ONSC*
2017-07-24 00:00:00,3238,135884,CORTE ELECTORAL
2019-03-12 00:00:00,3062,142710,MRREE*
2019-03-06 00:00:00,3062,142676,MEC*
2019-03-06 00:00:00,3062,142684,MIEM*
2019-01-21 00:00:00,3062,142337,UTE*
2018-11-06 00:00:00,3062,141748,MIEM*
2018-10-02 00:00:00,3062,141410,MIEM*
2018-09-19 00:00:00,3062,141311,MIEM*
2018-08-14 00:00:00,3062,140788,MIEM*
2018-07-31 00:00:00,3062,140629,MIEM*
2018-07-31 00:00:00,3062,140630,MIEM*
2018-07-03 00:00:00,3062,140343,MINISTERIO INTERIOR
2018-07-03 00:00:00,3062,140344,MIEM*
2018-07-03 00:00:00,3062,140345,MIEM*
2018-05-02 00:00:00,3062,139518,MINISTERIO INTERIOR
2018-04-04 00:00:00,3062,139127,MIEM*
2018-04-03 00:00:00,3062,139054,MEC*
2018-04-03 00:00:00,3062,139041,MIEM*
2018-04-03 00:00:00,3062,139058,MSP*
2018-04-03 00:00:00,3062,139065,MINISTERIO INTERIOR
2018-04-03 00:00:00,3062,139060,MTSS*
2018-03-06 00:00:00,3062,138650,MIDES*
2018-03-06 00:00:00,3062,138654,MINISTERIO INTERIOR
2018-03-06 00:00:00,3062,138699,MDN*
2018-02-07 00:00:00,3062,138363,MINISTERIO INTERIOR
2018-02-07 00:00:00,3062,138355,MINISTERIO INTERIOR
2018-02-07 00:00:00,3062,138368,MIEM*
2018-02-07 00:00:00,3062,138394,MIEM*
2017-12-20 00:00:00,3062,137990,MIEM*
2017-11-01 00:00:00,3062,137286,TRIBUNAL CUENTAS
2017-11-01 00:00:00,3062,137287,MDN*
2017-11-01 00:00:00,3062,137323,MIEM*
2017-10-18 00:00:00,3062,137138,MEC*
2017-10-03 00:00:00,3062,136879,MTSS*
2017-10-03 00:00:00,3062,136920,MIEM*
2017-10-03 00:00:00,3062,136934,MEC*
2017-09-12 00:00:00,3062,136589,MIEM*
2017-08-16 00:00:00,3062,136288,MTSS*
2017-04-18 00:00:00,3062,134408,MVOTMA*
2017-03-28 00:00:00,3062,134200,MINISTERIO INTERIOR
2017-03-07 00:00:00,3062,133768,MEC*
2018-12-20 00:00:00,12369,142233,MVOTMA*
2018-08-14 00:00:00,12369,140792,TRIBUNAL CUENTAS
2018-11-13 00:00:00,3959,141825,MEC*
2018-09-18 00:00:00,3959,141287,MINISTERIO INTERIOR
2018-09-05 00:00:00,3959,141141,MEC*
2018-06-26 00:00:00,3959,140229,MVOTMA*
2018-06-26 00:00:00,3959,140219,MIEM*
2018-06-26 00:00:00,3959,140227,MSP*
2018-05-30 00:00:00,3959,139985,MINISTERIO INTERIOR
2018-04-03 00:00:00,3959,139094,MEF*
2018-04-03 00:00:00,3959,139096,MRREE*
2018-03-13 00:00:00,3959,138862,MINISTERIO INTERIOR
2018-03-07 00:00:00,3959,138767,MVOTMA*
2018-03-07 00:00:00,3959,138791,MVOTMA*
2018-03-06 00:00:00,3959,138708,MEF*
2018-03-06 00:00:00,3959,138711,MGAP*
2018-02-07 00:00:00,3959,138348,MIEM*
2018-02-07 00:00:00,3959,138350,MVOTMA*
2017-11-14 00:00:00,3959,137528,MTSS*
2017-11-14 00:00:00,3959,137527,MTSS*
2017-11-14 00:00:00,3959,137530,SUPREMA CORTE JUSTICIA
2017-11-14 00:00:00,3959,137557,MTOP*
2017-11-14 00:00:00,3959,137531,MIDES*
2017-10-17 00:00:00,3959,137100,MVOTMA*
2017-10-17 00:00:00,3959,137101,MIEM*
2017-10-17 00:00:00,3959,137102,MGAP*
2017-10-10 00:00:00,3959,136998,MINISTERIO INTERIOR
2017-10-04 00:00:00,3959,136905,MINISTERIO INTERIOR
2017-10-04 00:00:00,3959,136906,MEC*
2017-08-16 00:00:00,3959,136286,MTOP*
2017-07-04 00:00:00,3959,135536,MINISTERIO INTERIOR
2017-06-28 00:00:00,3959,135474,MVOTMA*
2017-06-06 00:00:00,3959,135118,MVOTMA*
2017-05-16 00:00:00,3959,134843,MSP*
2017-05-09 00:00:00,3959,134726,MTSS*
2017-05-09 00:00:00,3959,134728,MEC*
2017-03-28 00:00:00,3959,134223,MEF*
2016-12-06 00:00:00,3959,133009,MIDES*
2016-09-26 00:00:00,3959,131783,MEF*
2016-09-26 00:00:00,3959,131783,MGAP*
2016-09-26 00:00:00,3959,131783,MSP*
2016-09-26 00:00:00,3959,131784,MEC*
2016-06-07 00:00:00,3959,130251,MEF*
2016-05-03 00:00:00,3959,129415,MTSS*
2017-11-14 00:00:00,11813,137553,MEC*
2015-07-01 00:00:00,11813,125244,MTOP*
2018-12-04 00:00:00,11699,142041,SUPREMA CORTE JUSTICIA
2018-09-04 00:00:00,11593,141092,OPP*
2018-03-07 00:00:00,11593,138756,MINISTERIO INTERIOR
2018-03-06 00:00:00,11593,138672,MINISTERIO INTERIOR
2017-11-15 00:00:00,11593,137566,MDN*
2017-06-22 00:00:00,11593,135411,MIDES*
2017-06-13 00:00:00,11593,135244,MSP*
2017-06-06 00:00:00,11593,135100,MIDES*
2017-05-02 00:00:00,11593,134602,OPP*
2017-05-02 00:00:00,11593,134618,MVOTMA*
2016-09-06 00:00:00,11593,131475,MTOP*
2016-09-06 00:00:00,11593,131516,MSP*
2016-07-27 00:00:00,11593,130929,MIDES*
2016-06-08 00:00:00,11593,130126,MVOTMA*
2016-06-08 00:00:00,11593,130126,MSP*
2016-05-10 00:00:00,11593,129559,MSP*
2016-05-10 00:00:00,11593,129559,MIDES*
2016-05-10 00:00:00,11593,129560,MSP*
2016-05-03 00:00:00,11593,129393,MVOTMA*
2016-04-13 00:00:00,11593,129120,MIEM*
2016-04-05 00:00:00,11593,128914,MTOP*
2016-03-15 00:00:00,11593,128700,MTOP*
2016-03-15 00:00:00,11593,128700,MEC*
2016-03-15 00:00:00,11593,128702,MEF*
2016-02-24 00:00:00,11593,128370,MTOP*
2016-02-24 00:00:00,11593,128370,MVOTMA*
2015-12-01 00:00:00,11593,127662,MEF*
2015-11-04 00:00:00,11593,127190,MEF*
2015-11-03 00:00:00,11593,127145,MSP*
2015-10-06 00:00:00,11593,126817,MTOP*
2015-10-06 00:00:00,11593,126826,MEF*
2015-10-06 00:00:00,11593,126828,MEF*
2015-07-01 00:00:00,11593,125242,MTOP*
2015-06-01 00:00:00,11593,124722,MSP*
2015-06-01 00:00:00,11593,124729,MTOP*
2015-03-10 00:00:00,11593,123591,MTOP*
2015-08-18 00:00:00,5851,126043,MIEM*
2019-03-06 00:00:00,11810,142603,MVOTMA*
2018-10-18 00:00:00,11810,141941,MDN*
2018-10-18 00:00:00,11810,141940,MIDES*
2018-10-18 00:00:00,11810,141944,MGAP*
2018-10-18 00:00:00,11810,141943,MDN*
2018-09-04 00:00:00,11810,141101,MVOTMA*
2018-04-10 00:00:00,11810,139185,MSP*
2016-05-31 00:00:00,11810,129963,MVOTMA*
2016-05-31 00:00:00,11810,129966,MSP*
2016-05-03 00:00:00,11810,129394,MEC*
2016-02-24 00:00:00,11810,128380,MTOP*
2019-03-06 00:00:00,9953,142556,MVOTMA*
2019-03-06 00:00:00,9953,142561,MSP*
2018-11-14 00:00:00,9953,141850,MGAP*
2018-09-18 00:00:00,9953,141284,MEC*
2018-09-18 00:00:00,9953,141286,MSP*
2018-09-04 00:00:00,9953,141094,MINISTERIO INTERIOR
2018-09-04 00:00:00,9953,141098,MVOTMA*
2018-08-14 00:00:00,9953,140787,MVOTMA*
2018-07-31 00:00:00,9953,140645,MVOTMA*
2018-07-04 00:00:00,9953,140357,MIEM*
2018-06-26 00:00:00,9953,140229,MVOTMA*
2018-06-26 00:00:00,9953,140222,MVOTMA*
2018-06-26 00:00:00,9953,140219,MIEM*
2018-06-26 00:00:00,9953,140227,MSP*
2018-06-26 00:00:00,9953,140223,MSP*
2018-06-12 00:00:00,9953,140084,MEC*
2018-06-12 00:00:00,9953,140085,MVOTMA*
2018-05-15 00:00:00,9953,139719,MEC*
2018-05-09 00:00:00,9953,139629,MVOTMA*
2018-05-08 00:00:00,9953,139577,MVOTMA*
2018-05-08 00:00:00,9953,139578,MIDES*
2018-05-08 00:00:00,9953,139579,MEC*
2018-05-03 00:00:00,9953,139571,MGAP*
2018-05-02 00:00:00,9953,139478,MINISTERIO INTERIOR
2018-04-10 00:00:00,9953,139182,MIDES*
2018-04-03 00:00:00,9953,139073,MVOTMA*
2018-03-07 00:00:00,9953,138769,MTOP*
2018-03-07 00:00:00,9953,138773,MTOP*
2018-03-07 00:00:00,9953,138786,MVOTMA*
2017-12-20 00:00:00,9953,137971,MVOTMA*
2017-12-20 00:00:00,9953,137973,MRREE*
2017-12-11 00:00:00,9953,137885,MSP*
2017-12-05 00:00:00,9953,137764,MSP*
2017-10-17 00:00:00,9953,137100,MVOTMA*
2017-10-17 00:00:00,9953,137101,MIEM*
2017-10-17 00:00:00,9953,137102,MGAP*
2017-08-09 00:00:00,9953,136176,MVOTMA*
2017-08-09 00:00:00,9953,136179,MTOP*
2017-08-04 00:00:00,9953,136066,MEF*
2018-11-14 00:00:00,11578,141862,MSP*
2018-11-13 00:00:00,11578,141832,MIEM*
2018-11-13 00:00:00,11578,141835,MGAP*
2018-11-13 00:00:00,11578,141836,MINISTERIO INTERIOR
2018-07-31 00:00:00,11578,140634,MDN*
2018-07-31 00:00:00,11578,140635,MIDES*
2018-04-17 00:00:00,11578,139327,MVOTMA*
2018-01-04 00:00:00,11578,138124,ANTEL*
2017-06-13 00:00:00,11578,135242,MRREE*
2017-06-13 00:00:00,11578,135243,OPP*
2017-05-06 00:00:00,11578,134844,MINISTERIO INTERIOR
2016-12-13 00:00:00,11578,133153,MGAP*
2016-12-13 00:00:00,11578,133157,MTOP*
2016-12-13 00:00:00,11578,133161,MVOTMA*
2016-10-19 00:00:00,11578,132142,MEC*
2016-05-04 00:00:00,11578,129456,MTOP*
2016-05-03 00:00:00,11578,129388,MDN*
2015-03-04 00:00:00,11578,123538,MINISTERIO INTERIOR
2015-03-04 00:00:00,11578,123537,MTOP*
2015-03-04 00:00:00,11578,123541,MDN*
2015-03-04 00:00:00,11578,123539,MSP*
2018-12-11 00:00:00,11667,142129,MEF*
2018-03-13 00:00:00,11667,138851,MEF*
2017-02-15 00:00:00,11667,133605,MTSS*
2016-09-06 00:00:00,11667,131512,MINISTERIO INTERIOR
2016-09-06 00:00:00,11667,131512,MRREE*
2016-09-06 00:00:00,11667,131458,MTOP*
2015-12-15 00:00:00,11667,127905,MEC*
2015-09-09 00:00:00,11667,126496,SUPREMA CORTE JUSTICIA
2015-06-18 00:00:00,11667,125082,MEF*
2015-06-18 00:00:00,11667,125084,MEC*
2015-06-18 00:00:00,11667,125084,MSP*
2015-06-18 00:00:00,11667,125084,MIEM*
2019-04-09 00:00:00,3063,143147,MTSS*
2018-12-04 00:00:00,3063,142046,MINISTERIO INTERIOR
2018-09-04 00:00:00,3063,141125,MTOP*
2018-05-09 00:00:00,3063,139612,MIDES*
2018-04-03 00:00:00,3063,139077,MINISTERIO INTERIOR
2018-04-03 00:00:00,3063,139078,MTOP*
2018-03-06 00:00:00,3063,138636,MEF*
2017-04-18 00:00:00,3063,134410,MEC*
2017-04-18 00:00:00,3063,134411,MIDES*
2017-04-04 00:00:00,3063,134325,MVOTMA*
2017-04-04 00:00:00,3063,134327,MTOP*
2016-09-26 00:00:00,3063,131797,MVOTMA*
2016-04-05 00:00:00,3063,128885,MEF*
2016-04-05 00:00:00,3063,128885,MGAP*
2016-04-05 00:00:00,3063,128892,MEC*
2016-02-24 00:00:00,3063,128372,MINISTERIO INTERIOR
2016-02-24 00:00:00,3063,128371,MIEM*
2016-02-24 00:00:00,3063,128376,MVOTMA*
2016-02-24 00:00:00,3063,128374,MTOP*
2015-12-08 00:00:00,3063,127770,MVOTMA*
2015-08-05 00:00:00,3063,125794,MINISTERIO INTERIOR
2015-04-07 00:00:00,3063,123972,MSP*
2015-04-07 00:00:00,3063,123978,ONSC*
2018-10-17 00:00:00,11893,141561,MIEM*
2018-05-02 00:00:00,11893,139477,MEC*
2016-05-31 00:00:00,7952,129951,OPP*
2018-12-11 00:00:00,12471,142128,MTSS*
2018-12-05 00:00:00,12471,142077,OPP*
2015-08-18 00:00:00,11874,126041,MVOTMA*
2018-05-09 00:00:00,11754,139618,MIDES*
2018-05-09 00:00:00,11754,139619,MINISTERIO INTERIOR
2017-12-12 00:00:00,11754,137894,MEF*
2017-08-04 00:00:00,11754,136076,MIEM*
2019-03-12 00:00:00,8879,142708,MEF*
2019-03-12 00:00:00,8879,142711,MEC*
2018-12-04 00:00:00,8879,142045,MEC*
2018-11-14 00:00:00,8879,141854,MEC*
2018-11-07 00:00:00,8879,141776,MEC*
2018-11-07 00:00:00,8879,141781,MEC*
2018-09-04 00:00:00,8879,141087,MDN*
2018-09-04 00:00:00,8879,141105,MEF*
2018-09-04 00:00:00,8879,141114,MTSS*
2018-07-31 00:00:00,8879,140641,MEC*
2018-07-10 00:00:00,8879,140433,MIEM*
2018-07-10 00:00:00,8879,140434,MINISTERIO INTERIOR
2018-07-10 00:00:00,8879,140437,MEC*
2018-07-03 00:00:00,8879,140348,MEC*
2018-05-02 00:00:00,8879,139506,MEC*
2018-05-02 00:00:00,8879,139502,MEC*
2018-05-02 00:00:00,8879,139490,MEC*
2018-05-02 00:00:00,8879,139516,MEF*
2018-05-02 00:00:00,8879,139510,MINISTERIO INTERIOR
2018-05-02 00:00:00,8879,139508,MIEM*
2018-04-17 00:00:00,8879,139317,MEC*
2018-04-17 00:00:00,8879,139319,MEC*
2018-03-06 00:00:00,8879,138739,MEC*
2018-02-07 00:00:00,8879,138357,MEF*
2018-02-07 00:00:00,8879,138379,MIEM*
2018-02-07 00:00:00,8879,138380,MIEM*
2017-12-05 00:00:00,8879,137771,MEC*
2017-10-17 00:00:00,8879,137111,MDN*
2017-10-10 00:00:00,8879,137019,MEC*
2017-10-10 00:00:00,8879,137021,MEC*
2017-10-03 00:00:00,8879,136873,MEC*
2017-10-03 00:00:00,8879,136871,MEC*
2017-10-03 00:00:00,8879,137073,MEC*
2017-10-03 00:00:00,8879,136882,MEC*
2017-09-05 00:00:00,8879,136516,MEC*
2017-08-15 00:00:00,8879,136251,MINISTERIO INTERIOR
2017-08-04 00:00:00,8879,136074,MDN*
2017-08-01 00:00:00,8879,135987,MIEM*
2017-08-01 00:00:00,8879,135988,MEF*
2017-07-24 00:00:00,8879,135847,MEC*
2015-04-07 00:00:00,9942,123966,MEF*
2015-04-07 00:00:00,9942,123953,MIEM*
2015-04-07 00:00:00,9942,123950,MEF*
2015-03-17 00:00:00,9942,123961,MIEM*
2015-03-07 00:00:00,9942,123970,OPP*
2015-03-07 00:00:00,9942,123968,MIEM*
2018-11-22 00:00:00,11786,141928,MTSS*
2018-11-22 00:00:00,11786,141929,MEC*
2018-11-14 00:00:00,11786,141853,MIEM*
2018-11-14 00:00:00,11786,141855,MTSS*
2018-11-14 00:00:00,11786,141857,MEC*
2018-05-15 00:00:00,11786,139709,MIEM*
2016-12-28 00:00:00,11786,133321,MINISTERIO INTERIOR
2015-12-15 00:00:00,11786,127901,MINISTERIO INTERIOR
2015-12-09 00:00:00,11786,127817,MTOP*
2015-12-09 00:00:00,11786,127821,MIEM*
2015-09-09 00:00:00,11786,126482,MEF*
2015-09-09 00:00:00,11786,126485,MGAP*
2016-11-01 00:00:00,9916,132461,MRREE*
2016-12-06 00:00:00,11782,132983,MSP*
2015-06-10 00:00:00,11782,124942,MTOP*
2015-06-02 00:00:00,11782,124769,MIEM*
2019-03-29 00:00:00,9645,143064,MIEM*
2019-03-29 00:00:00,9645,143065,MINISTERIO INTERIOR
2019-03-13 00:00:00,9645,143066,MDN*
2018-12-27 00:00:00,9645,142274,MINISTERIO INTERIOR
2018-12-20 00:00:00,9645,142239,MSP*
2018-11-14 00:00:00,9645,141859,MEC*
2018-11-14 00:00:00,9645,141860,MINISTERIO INTERIOR
2018-11-13 00:00:00,9645,141823,MIDES*
2015-06-09 00:00:00,9645,124903,MRREE*
2019-03-29 00:00:00,11819,143057,MIEM*
2019-03-06 00:00:00,11819,142565,MIEM*
2019-03-06 00:00:00,11819,142535,MDN*
2019-03-06 00:00:00,11819,142534,MVOTMA*
2019-03-06 00:00:00,11819,142586,MINISTERIO INTERIOR
2019-03-06 00:00:00,11819,142678,MEF*
2019-03-06 00:00:00,11819,142677,MEF*
2019-03-06 00:00:00,11819,142636,MINISTERIO TURISMO
2018-12-20 00:00:00,11819,142243,MVOTMA*
2018-12-20 00:00:00,11819,142244,MIEM*
2018-12-12 00:00:00,11819,142158,MVOTMA*
2018-12-05 00:00:00,11819,142083,MIDES*
2018-10-24 00:00:00,11819,141628,MTOP*
2018-10-16 00:00:00,11819,141551,MEC*
2018-10-16 00:00:00,11819,141549,MEC*
2018-10-16 00:00:00,11819,141554,MEC*
2018-10-16 00:00:00,11819,141553,MEC*
2018-10-03 00:00:00,11819,141432,MIDES*
2018-08-14 00:00:00,11819,140789,MVOTMA*
2018-08-14 00:00:00,11819,140791,MVOTMA*
2018-08-01 00:00:00,11819,140664,MEF*
2018-08-01 00:00:00,11819,140663,MRREE*
2018-08-01 00:00:00,11819,140665,TRIBUNAL CUENTAS
2018-07-31 00:00:00,11819,140666,MTOP*
2018-07-04 00:00:00,11819,140358,MTOP*
2017-03-07 00:00:00,5217,133734,MINISTERIO INTERIOR
2017-03-07 00:00:00,5217,133735,SUPREMA CORTE JUSTICIA
2017-02-15 00:00:00,5217,133613,MINISTERIO INTERIOR
2017-02-15 00:00:00,5217,133614,MINISTERIO INTERIOR
2017-02-15 00:00:00,5217,133612,MINISTERIO INTERIOR
2017-02-15 00:00:00,5217,133606,MINISTERIO INTERIOR
2017-02-15 00:00:00,5217,133607,MINISTERIO INTERIOR
2017-02-15 00:00:00,5217,133610,MINISTERIO INTERIOR
2016-01-01 00:00:00,5217,128026,MVOTMA*
2018-07-11 00:00:00,11913,140469,MINISTERIO INTERIOR
2018-07-11 00:00:00,11913,140471,MDN*
2018-07-11 00:00:00,11913,140472,MINISTERIO INTERIOR
2018-06-13 00:00:00,11913,140124,MINISTERIO INTERIOR
2018-06-13 00:00:00,11913,140125,MINISTERIO INTERIOR
2018-06-06 00:00:00,11913,140020,MINISTERIO INTERIOR
2018-06-06 00:00:00,11913,140022,MINISTERIO INTERIOR
2018-04-17 00:00:00,11913,139310,MINISTERIO INTERIOR
2016-11-15 00:00:00,11913,132663,MINISTERIO INTERIOR
2016-11-15 00:00:00,11913,132661,MINISTERIO INTERIOR
2016-11-15 00:00:00,11913,132682,MINISTERIO INTERIOR
2016-11-15 00:00:00,11913,132677,MINISTERIO INTERIOR
2015-11-17 00:00:00,11913,127437,MINISTERIO INTERIOR
2015-11-17 00:00:00,11913,127416,MINISTERIO INTERIOR
2015-11-17 00:00:00,11913,127442,MINISTERIO INTERIOR
2015-11-17 00:00:00,11913,127439,MINISTERIO INTERIOR
2017-11-01 00:00:00,6143,137297,MINISTERIO INTERIOR
2017-05-09 00:00:00,6143,134759,MEF*
2017-03-07 00:00:00,6143,133760,MIEM*
2016-09-26 00:00:00,6143,131771,MVOTMA*
2016-05-17 00:00:00,6143,129709,MEC*
2015-07-27 00:00:00,6143,125667,MVOTMA*
2015-06-17 00:00:00,6143,125052,MSP*
2019-03-29 00:00:00,7764,143056,MGAP*
2019-03-29 00:00:00,7764,143060,MVOTMA*
2017-11-15 00:00:00,7764,137564,MVOTMA*
2017-09-12 00:00:00,7764,136588,MGAP*
2017-09-05 00:00:00,7764,136497,MSP*
2017-09-05 00:00:00,7764,136521,MVOTMA*
2017-09-05 00:00:00,7764,136522,MVOTMA*
2017-11-14 00:00:00,11837,137490,MIEM*
2017-11-14 00:00:00,11837,137488,MEC*
2017-07-24 00:00:00,11849,135845,MTOP*
2017-06-06 00:00:00,11744,135116,MGAP*
2016-12-28 00:00:00,11744,133348,MGAP*
2016-12-28 00:00:00,11744,133351,MEF*
2016-11-16 00:00:00,11744,132707,MGAP*
2016-05-17 00:00:00,11744,129714,MSP*
2015-11-03 00:00:00,11744,127280,MEC*
2015-07-23 00:00:00,11744,125613,MGAP*
2016-07-27 00:00:00,11910,130920,MGAP*
2016-07-27 00:00:00,11910,130914,MIEM*
2016-07-27 00:00:00,11910,130919,MTOP*
2015-10-11 00:00:00,11910,126913,MSP*
2018-10-03 00:00:00,11598,141436,MINISTERIO TURISMO
2018-06-05 00:00:00,11598,139989,MEC*
2018-05-02 00:00:00,11598,139475,MEC*
2018-03-06 00:00:00,11598,138732,MSP*
2018-03-06 00:00:00,11598,138792,MINISTERIO INTERIOR
2017-12-06 00:00:00,11598,137848,MRREE*
2017-12-05 00:00:00,11598,137769,MEC*
2017-11-01 00:00:00,11598,137316,MIDES*
2017-08-01 00:00:00,11598,135989,MEC*
2017-05-12 00:00:00,11598,135679,MEC*
2016-09-26 00:00:00,11598,131772,MSP*
2016-07-12 00:00:00,11598,130683,MINISTERIO INTERIOR
2016-07-12 00:00:00,11598,130696,MSP*
2015-10-06 00:00:00,11598,126808,MIDES*
2015-07-22 00:00:00,11598,125602,MSP*
2017-12-05 00:00:00,3407,137776,MEF*
2016-12-06 00:00:00,3407,133027,MVOTMA*
2015-12-08 00:00:00,3407,127796,MVOTMA*
2015-11-03 00:00:00,3407,127123,MEC*
2018-06-05 00:00:00,11827,139988,MSP*
2017-11-01 00:00:00,11827,137298,MEF*
2017-08-08 00:00:00,11827,136159,MDN*
2017-08-08 00:00:00,11827,136160,MTSS*
2017-08-08 00:00:00,11827,136153,MINISTERIO TURISMO
2017-08-08 00:00:00,11827,136149,MTSS*
2017-08-08 00:00:00,11827,136152,MEF*
2016-05-10 00:00:00,11827,129554,MVOTMA*
2016-05-04 00:00:00,11827,129458,MTSS*
2018-12-05 00:00:00,659,142079,MEF*
2018-12-05 00:00:00,659,142081,MEC*
2018-10-03 00:00:00,659,141438,MEF*
2017-05-06 00:00:00,659,134846,MINISTERIO INTERIOR
2016-05-10 00:00:00,659,129549,MVOTMA*
2016-05-10 00:00:00,659,129551,MEF*
2016-07-15 00:00:00,10010,130905,MEF*
2017-07-05 00:00:00,12010,135573,MEF*
2016-04-05 00:00:00,12010,128888,MIEM*
2016-04-05 00:00:00,12010,128903,MIDES*
2015-08-18 00:00:00,11740,126039,ONSC*
2019-03-06 00:00:00,11611,142563,MTOP*
2018-12-27 00:00:00,11611,142275,MEF*
2018-12-27 00:00:00,11611,142276,MIEM*
2018-12-20 00:00:00,11611,142248,MEC*
2018-10-02 00:00:00,11611,141427,MEF*
2017-07-12 00:00:00,11611,135680,MTOP*
2017-07-12 00:00:00,11611,135697,MVOTMA*
2017-06-06 00:00:00,11611,135143,MVOTMA*
2017-04-18 00:00:00,11611,134417,MSP*
2016-10-04 00:00:00,11611,131911,MVOTMA*
2016-09-06 00:00:00,11611,131455,MEF*
2016-07-12 00:00:00,11611,130714,MIEM*
2016-04-12 00:00:00,11611,129068,SUPREMA CORTE JUSTICIA
2015-11-04 00:00:00,11611,127282,MSP*
2015-05-21 00:00:00,11611,124622,MEC*
2015-05-12 00:00:00,11611,124467,MVOTMA*
2018-05-16 00:00:00,11891,139756,MTSS*
2018-04-03 00:00:00,11891,139033,OPP*
2017-12-13 00:00:00,11891,137914,MTSS*
2017-12-13 00:00:00,11891,137915,MEF*
2018-12-27 00:00:00,10015,142269,MSP*
2018-10-03 00:00:00,10015,141433,MEC*
2018-10-03 00:00:00,10015,141435,MEC*
2018-07-17 00:00:00,10015,140542,MIEM*
2018-07-17 00:00:00,10015,140531,MIEM*
2018-07-17 00:00:00,10015,140530,MVOTMA*
2015-12-21 00:00:00,10015,127983,MEC*
2015-12-21 00:00:00,10015,127995,MEC*
2015-11-04 00:00:00,10015,127187,MSP*
2015-07-01 00:00:00,11798,125235,MTSS*
2016-05-03 00:00:00,11749,129392,MVOTMA*
2016-11-24 00:00:00,9901,132837,TRIBUNAL CUENTAS
2017-07-04 00:00:00,6734,135540,MGAP*
2017-07-04 00:00:00,6734,135534,MVOTMA*
2018-04-10 00:00:00,10117,139170,MGAP*
2018-04-03 00:00:00,10117,139051,MEC*
2018-04-03 00:00:00,10117,139048,MEC*
2018-04-03 00:00:00,10117,139068,MVOTMA*
2018-04-03 00:00:00,10117,139052,MINISTERIO INTERIOR
2018-03-06 00:00:00,10117,138684,MSP*
2017-10-18 00:00:00,10117,137138,MEC*
2017-10-03 00:00:00,10117,136864,MEC*
2016-11-09 00:00:00,10117,132601,MIEM*
2016-10-19 00:00:00,10117,132144,MEC*
2016-06-08 00:00:00,10117,130128,MINISTERIO INTERIOR
2016-06-08 00:00:00,10117,130130,MINISTERIO INTERIOR
2016-05-03 00:00:00,10117,129399,MEC*
2016-05-02 00:00:00,10117,129390,MSP*
2015-11-11 00:00:00,10117,127289,MIEM*
2015-12-02 00:00:00,11413,127693,MINISTERIO INTERIOR
2015-10-06 00:00:00,11413,126814,MDN*
2018-10-24 00:00:00,5938,141648,MTSS*
2018-04-17 00:00:00,5938,139323,MSP*
2018-04-03 00:00:00,5938,139057,MTSS*
2017-08-15 00:00:00,5938,136253,MTSS*
2016-03-02 00:00:00,5938,128468,MINISTERIO INTERIOR
2016-02-24 00:00:00,5938,128382,MEC*
2016-02-24 00:00:00,5938,128379,MEF*
2016-02-24 00:00:00,5938,128377,MEC*
2016-02-24 00:00:00,5938,128400,OPP*
2016-02-24 00:00:00,5938,128399,MTSS*
2016-02-24 00:00:00,5938,128399,MIDES*
2016-02-24 00:00:00,5938,128386,MTSS*
2015-10-06 00:00:00,5938,126821,MTSS*
2015-10-03 00:00:00,5938,127157,MGAP*
2015-07-07 00:00:00,5938,125358,OPP*
2015-05-12 00:00:00,5938,124470,MEF*
2015-04-14 00:00:00,5938,124099,MVOTMA*
2015-04-14 00:00:00,5938,124101,OPP*
2015-04-14 00:00:00,5938,124104,MGAP*
2015-03-10 00:00:00,5938,123595,MEF*
2015-03-10 00:00:00,5938,123604,MIEM*
2015-03-04 00:00:00,5938,123540,MSP*
2015-03-03 00:00:00,5938,123484,MEF*
2015-03-03 00:00:00,5938,123488,MRREE*
2015-12-16 00:00:00,10704,127921,MIEM*
2016-11-24 00:00:00,10078,132839,MGAP*
2018-04-03 00:00:00,8185,139098,MEF*
2017-08-01 00:00:00,8185,135999,MRREE*
2015-08-12 00:00:00,11869,125919,MEC*
2015-08-12 00:00:00,11869,125919,MSP*
2018-04-04 00:00:00,11653,139120,MIDES*
2016-03-08 00:00:00,11653,128587,MSP*
2015-11-10 00:00:00,11653,127284,MTOP*
2015-06-03 00:00:00,11653,124807,MTOP*
2015-07-14 00:00:00,11828,125465,MVOTMA*
2015-07-14 00:00:00,11828,125455,OPP*
2018-07-11 00:00:00,12106,140470,MVOTMA*
2018-07-11 00:00:00,12106,140468,MIEM*
2018-07-11 00:00:00,12106,140466,MVOTMA*
2016-07-06 00:00:00,12106,130629,MTOP*
2016-07-06 00:00:00,12106,130629,MGAP*
2016-07-06 00:00:00,12106,130629,MVOTMA*
2016-07-06 00:00:00,12106,130629,MSP*
2016-07-06 00:00:00,12106,130638,CORTE ELECTORAL
2018-10-02 00:00:00,11765,141418,MSP*
2018-06-26 00:00:00,11765,140221,MSP*
2018-05-02 00:00:00,11765,139472,ONSC*
2018-05-02 00:00:00,11765,139473,MVOTMA*
2018-05-02 00:00:00,11765,139468,MDN*
2018-04-17 00:00:00,11765,139326,MVOTMA*
2017-11-01 00:00:00,11765,137285,MSP*
2016-09-26 00:00:00,11765,131777,MEC*
2016-09-26 00:00:00,11765,131782,MEC*
2019-04-10 00:00:00,11125,143173,MIEM*
2019-04-10 00:00:00,11125,143174,MEF*
2019-04-10 00:00:00,11125,143175,MSP*
2019-04-09 00:00:00,11125,143148,MIDES*
2019-04-09 00:00:00,11125,143146,MEF*
2019-03-06 00:00:00,11125,142623,MSP*
2019-03-06 00:00:00,11125,142621,MSP*
2019-03-06 00:00:00,11125,142630,MSP*
2019-03-06 00:00:00,11125,142627,MSP*
2019-03-06 00:00:00,11125,142620,MSP*
2019-03-06 00:00:00,11125,142610,MTSS*
2019-03-06 00:00:00,11125,142609,MSP*
2019-03-06 00:00:00,11125,142615,MSP*
2019-03-06 00:00:00,11125,142611,MSP*
2019-03-06 00:00:00,11125,142633,MSP*
2019-03-06 00:00:00,11125,142652,MSP*
2019-03-06 00:00:00,11125,142653,MSP*
2019-03-06 00:00:00,11125,142646,MSP*
2019-03-06 00:00:00,11125,142639,MSP*
2019-03-06 00:00:00,11125,142643,MSP*
2019-03-06 00:00:00,11125,142683,MSP*
2019-03-06 00:00:00,11125,142576,MIDES*
2019-03-06 00:00:00,11125,142569,MSP*
2019-03-06 00:00:00,11125,142681,MSP*
2019-03-06 00:00:00,11125,142619,MSP*
2019-03-06 00:00:00,11125,142656,MSP*
2019-03-06 00:00:00,11125,142675,MSP*
2018-11-13 00:00:00,11125,141826,MIDES*
2018-11-06 00:00:00,11125,141765,MIDES*
2018-11-06 00:00:00,11125,141754,MSP*
2018-11-06 00:00:00,11125,141753,MIDES*
2018-11-06 00:00:00,11125,141757,MSP*
2018-11-06 00:00:00,11125,141766,MSP*
2018-11-06 00:00:00,11125,141759,MIDES*
2018-10-24 00:00:00,11125,141644,MSP*
2018-10-24 00:00:00,11125,141626,MEF*
2018-10-24 00:00:00,11125,141650,MIDES*
2018-10-24 00:00:00,11125,141646,MIDES*
2018-10-09 00:00:00,11125,141501,MSP*
2018-10-02 00:00:00,11125,141429,MSP*
2017-12-20 00:00:00,11817,137980,MRREE*
2017-12-20 00:00:00,11817,137979,MVOTMA*
2017-05-16 00:00:00,2921,134845,MIEM*
2016-09-06 00:00:00,2921,131477,MEC*
2019-04-03 00:00:00,11584,143087,MIEM*
2018-05-08 00:00:00,11584,139568,MINISTERIO TURISMO
2018-05-08 00:00:00,11584,139567,MTSS*
2018-05-08 00:00:00,11584,139595,MINISTERIO INTERIOR
2018-05-08 00:00:00,11584,139569,MEF*
2018-04-18 00:00:00,11584,139344,MVOTMA*
2018-04-17 00:00:00,11584,139322,MIEM*
2017-09-13 00:00:00,11584,136655,MIEM*
2017-09-13 00:00:00,11584,136657,MEC*
2017-09-13 00:00:00,11584,136658,MEC*
2017-09-05 00:00:00,11584,136478,MVOTMA*
2017-07-04 00:00:00,11584,135569,MTSS*
2017-06-13 00:00:00,11584,135236,MEC*
2016-10-31 00:00:00,11584,132428,MEC*
2016-10-05 00:00:00,11584,131945,MIEM*
2016-10-05 00:00:00,11584,131946,MEF*
2016-09-14 00:00:00,11584,131644,MEC*
2016-05-18 00:00:00,11584,129743,MVOTMA*
2015-11-11 00:00:00,11584,127283,MVOTMA*
2015-11-11 00:00:00,11584,127281,MTOP*
2015-11-11 00:00:00,11584,127288,MVOTMA*
2015-11-11 00:00:00,11584,127286,MIEM*
2015-05-12 00:00:00,11584,124452,MINISTERIO INTERIOR
2017-12-20 00:00:00,11796,137982,MDN*
2019-04-10 00:00:00,11583,143183,MEF*
2019-04-03 00:00:00,11583,143091,OPP*
2019-04-02 00:00:00,11583,143079,PODER JUDICIAL
2019-03-13 00:00:00,11583,142734,SUPREMA CORTE JUSTICIA
2019-03-13 00:00:00,11583,142739,MINISTERIO INTERIOR
2018-10-24 00:00:00,11583,141647,MEC*
2018-05-02 00:00:00,11583,139503,MEC*
2018-04-03 00:00:00,11583,139055,MVOTMA*
2017-10-18 00:00:00,11583,137142,MTSS*
2017-10-17 00:00:00,11583,137134,MIEM*
2017-10-03 00:00:00,11583,137088,MTSS*
2017-09-12 00:00:00,11583,136597,SUPREMA CORTE JUSTICIA
2017-09-12 00:00:00,11583,136596,SUPREMA CORTE JUSTICIA
2017-09-12 00:00:00,11583,136593,SUPREMA CORTE JUSTICIA
2017-09-12 00:00:00,11583,136600,SUPREMA CORTE JUSTICIA
2017-09-12 00:00:00,11583,136592,SUPREMA CORTE JUSTICIA
2017-09-12 00:00:00,11583,136598,SUPREMA CORTE JUSTICIA
2017-09-11 00:00:00,11583,136599,SUPREMA CORTE JUSTICIA
2017-09-05 00:00:00,11583,136511,MVOTMA*
2017-06-22 00:00:00,11583,135371,MINISTERIO INTERIOR
2017-06-13 00:00:00,11583,135234,MTSS*
2017-06-07 00:00:00,11583,135167,MEC*
2017-04-04 00:00:00,11583,134308,SUPREMA CORTE JUSTICIA
2017-03-15 00:00:00,11583,133900,MEC*
2017-02-15 00:00:00,11583,133638,MTSS*
2017-02-07 00:00:00,11583,133637,MSP*
2016-12-13 00:00:00,11583,133142,SUPREMA CORTE JUSTICIA
2016-12-13 00:00:00,11583,133143,MEC*
2016-12-06 00:00:00,11583,133033,MSP*
2016-12-06 00:00:00,11583,133016,MSP*
2016-11-24 00:00:00,11583,132841,MDN*
2016-11-24 00:00:00,11583,132842,MEF*
2016-11-16 00:00:00,11583,132709,MTSS*
2016-11-16 00:00:00,11583,132716,MIDES*
2016-10-31 00:00:00,11583,132426,MGAP*
2016-10-31 00:00:00,11583,132406,MEC*
2016-09-06 00:00:00,11583,131497,MEF*
2016-09-06 00:00:00,11583,131500,MEF*
2016-09-06 00:00:00,11583,131503,MEF*
2016-09-06 00:00:00,11583,131491,MTOP*
2017-08-04 00:00:00,9451,136060,MVOTMA*
2017-08-04 00:00:00,9451,136063,MINISTERIO TURISMO
2017-04-05 00:00:00,9451,134391,MIEM*
2016-10-18 00:00:00,9451,132121,MINISTERIO INTERIOR
2016-10-18 00:00:00,9451,132121,MVOTMA*
2016-10-11 00:00:00,9451,132025,MTSS*
2016-10-11 00:00:00,9451,132026,MVOTMA*
2016-08-09 00:00:00,9451,131104,MSP*
2016-07-27 00:00:00,9451,130917,MTOP*
2016-07-27 00:00:00,9451,130917,MVOTMA*
2016-07-05 00:00:00,9451,130606,MVOTMA*
2016-06-15 00:00:00,9451,130246,MEF*
2016-06-07 00:00:00,9451,130079,MEC*
2016-06-07 00:00:00,9451,130099,MEC*
2016-05-18 00:00:00,9451,129745,MSP*
2016-05-18 00:00:00,9451,129745,MIDES*
2016-04-05 00:00:00,9451,128893,MTSS*
2015-12-08 00:00:00,9451,127773,MTOP*
2015-11-04 00:00:00,9451,127282,MSP*
2015-09-09 00:00:00,9451,126494,MSP*
2015-05-13 00:00:00,9451,124504,MVOTMA*
2015-05-12 00:00:00,9451,124453,MVOTMA*
2017-08-04 00:00:00,8368,136060,MVOTMA*
2017-08-04 00:00:00,8368,136063,MINISTERIO TURISMO
2016-10-31 00:00:00,8368,132438,MTOP*
2016-06-07 00:00:00,8368,130079,MEC*
2016-06-07 00:00:00,8368,130099,MEC*
2015-07-14 00:00:00,11752,125461,MVOTMA*
2017-12-20 00:00:00,11941,137980,MRREE*
2019-04-09 00:00:00,3412,143150,MINISTERIO INTERIOR
2019-03-06 00:00:00,3412,142599,MEC*
2019-03-06 00:00:00,3412,142539,MTOP*
2019-03-06 00:00:00,3412,142655,MIDES*
2019-03-06 00:00:00,3412,142698,MEC*
2019-03-06 00:00:00,3412,142663,MSP*
2018-12-27 00:00:00,3412,142271,MEF*
2018-12-04 00:00:00,3412,142048,MIEM*
2018-12-04 00:00:00,3412,142049,MVOTMA*
2018-10-25 00:00:00,3412,141657,MEC*
2018-10-25 00:00:00,3412,141658,MTOP*
2018-10-24 00:00:00,3412,141627,MVOTMA*
2018-10-03 00:00:00,3412,141441,MEC*
2018-09-19 00:00:00,3412,141308,MVOTMA*
2018-09-19 00:00:00,3412,141309,MIDES*
2018-08-14 00:00:00,3412,140794,MIEM*
2018-07-17 00:00:00,3412,140537,MIEM*
2018-07-17 00:00:00,3412,140536,MVOTMA*
2018-07-17 00:00:00,3412,140538,MINISTERIO TURISMO
2018-07-17 00:00:00,3412,140541,OPP*
2018-07-17 00:00:00,3412,140539,MTOP*
2018-06-26 00:00:00,3412,140218,MIEM*
2018-06-12 00:00:00,3412,140102,MVOTMA*
2018-06-06 00:00:00,3412,140018,MEC*
2018-06-06 00:00:00,3412,140021,MINISTERIO INTERIOR
2018-06-05 00:00:00,3412,139970,MEC*
2018-06-05 00:00:00,3412,139974,MTOP*
2018-06-05 00:00:00,3412,139998,MEC*
2018-04-17 00:00:00,3412,139309,OPP*
2018-04-03 00:00:00,3412,139040,MTSS*
2018-04-03 00:00:00,3412,139037,MEC*
2018-04-03 00:00:00,3412,139044,MTOP*
2018-04-03 00:00:00,3412,139043,MEC*
2018-03-14 00:00:00,3412,138871,MVOTMA*
2018-03-13 00:00:00,3412,138849,MEC*
2018-03-13 00:00:00,3412,138852,MVOTMA*
2018-03-06 00:00:00,3412,138724,MTSS*
2018-03-06 00:00:00,3412,138726,MINISTERIO INTERIOR
2018-03-06 00:00:00,3412,138706,MEC*
2018-03-06 00:00:00,3412,138689,MEC*
2017-12-05 00:00:00,11669,137761,MVOTMA*
2019-03-06 00:00:00,11594,142553,MEF*
2019-03-06 00:00:00,11594,142550,MEF*
2019-03-06 00:00:00,11594,142547,MTSS*
2016-05-10 00:00:00,11694,129563,MTOP*
2015-12-21 00:00:00,11694,127989,MEC*
2015-12-21 00:00:00,11694,127985,MTOP*
2015-12-21 00:00:00,11694,127994,MEC*
2018-12-11 00:00:00,9896,142131,MEF*
2018-09-04 00:00:00,9896,141240,MINISTERIO INTERIOR
2018-07-31 00:00:00,9896,140637,MINISTERIO INTERIOR
2018-03-14 00:00:00,9896,138869,MEF*
2018-03-07 00:00:00,9896,138794,MTOP*
2018-03-06 00:00:00,9896,138947,MSP*
2017-11-01 00:00:00,9896,137279,MIEM*
2017-10-18 00:00:00,9896,137140,MINISTERIO INTERIOR
2017-10-10 00:00:00,9896,136997,MEF*
2017-10-03 00:00:00,9896,136825,MSP*
2017-06-22 00:00:00,9896,135413,MIDES*
2017-04-18 00:00:00,9896,134398,MIEM*
2017-04-18 00:00:00,9896,134401,MINISTERIO INTERIOR
2017-04-18 00:00:00,9896,134402,MDN*
2017-04-04 00:00:00,9896,134302,MIEM*
2017-04-04 00:00:00,9896,134315,MDN*
2017-03-28 00:00:00,9896,134177,MTOP*
2017-03-28 00:00:00,9896,134177,MIEM*
2017-02-15 00:00:00,9896,133628,MVOTMA*
2017-02-15 00:00:00,9896,133630,MSP*
2016-10-11 00:00:00,9896,132017,MEF*
2016-10-04 00:00:00,9896,131906,MVOTMA*
2016-09-07 00:00:00,9896,131548,MSP*
2016-07-13 00:00:00,9896,130747,MSP*
2016-07-05 00:00:00,9896,130619,MIEM*
2016-06-08 00:00:00,9896,130124,MIEM*
2016-04-12 00:00:00,9896,129077,MEF*
2016-04-05 00:00:00,9896,128881,MINISTERIO TURISMO
2016-03-02 00:00:00,9896,128463,OPP*
2016-02-24 00:00:00,9896,128392,MIEM*
2016-02-24 00:00:00,9896,128394,MVOTMA*
2016-02-24 00:00:00,9896,128401,MEF*
2015-12-08 00:00:00,9896,127787,MGAP*
2015-12-08 00:00:00,9896,127789,MIEM*
2015-11-17 00:00:00,9896,127419,MTOP*
2015-11-03 00:00:00,9896,127121,MINISTERIO INTERIOR
2015-11-03 00:00:00,9896,127177,MEC*
2015-10-06 00:00:00,9896,126809,MSP*
2015-10-06 00:00:00,9896,126824,MIEM*
2015-10-06 00:00:00,9896,126837,MIEM*
2015-08-18 00:00:00,9896,126036,MIDES*
2018-04-10 00:00:00,7744,139169,MEC*
2018-04-03 00:00:00,7744,139091,MDN*
2018-04-03 00:00:00,7744,139092,MINISTERIO INTERIOR
2018-03-07 00:00:00,7744,138796,MSP*
2017-06-07 00:00:00,7744,135147,MSP*
2017-02-15 00:00:00,7744,133615,MVOTMA*
2017-02-15 00:00:00,7744,133615,MDN*
2016-09-07 00:00:00,7744,131561,MTSS*
2016-08-11 00:00:00,7744,131180,MEF*
2016-08-03 00:00:00,7744,131038,MEC*
2016-05-11 00:00:00,7744,129587,MTOP*
2016-05-03 00:00:00,7744,129400,MIEM*
2015-12-08 00:00:00,7744,127768,MEF*
2015-12-08 00:00:00,7744,127768,MINISTERIO INTERIOR
2015-12-08 00:00:00,7744,127768,MTOP*
2015-12-08 00:00:00,7744,127768,MTSS*
2015-12-08 00:00:00,7744,127800,MSP*
2015-10-06 00:00:00,7744,126810,MIEM*
2016-11-09 00:00:00,6138,132576,MDN*
2016-10-18 00:00:00,6138,132108,MTOP*
2019-03-06 00:00:00,11627,142553,MEF*
2019-03-06 00:00:00,11627,142550,MEF*
2019-03-06 00:00:00,11627,142547,MTSS*
2019-03-06 00:00:00,11627,142597,MDN*
2019-03-06 00:00:00,11627,142703,SUPREMA CORTE JUSTICIA
2019-03-06 00:00:00,11627,142661,MEC*
2019-03-06 00:00:00,11627,142618,MINISTERIO INTERIOR
2018-11-07 00:00:00,11627,141782,ONSC*
2018-05-02 00:00:00,11627,139481,MIEM*
2018-05-02 00:00:00,11627,139482,MIEM*
2018-05-02 00:00:00,11627,139476,MDN*
2018-05-02 00:00:00,11627,139479,MIEM*
2018-05-02 00:00:00,11627,139500,OPP*
2018-05-02 00:00:00,11627,139484,MVOTMA*
2018-05-02 00:00:00,11627,139483,MVOTMA*
2018-05-02 00:00:00,11627,139512,MEF*
2018-03-06 00:00:00,11627,138653,MDN*
2018-03-06 00:00:00,11627,138691,MRREE*
2018-03-06 00:00:00,11627,138735,MRREE*
2018-03-06 00:00:00,11627,138652,MEF*
2018-03-06 00:00:00,11627,138651,MDN*
2017-12-05 00:00:00,11627,137777,MINISTERIO INTERIOR
2017-12-05 00:00:00,11627,137779,ONSC*
2017-10-10 00:00:00,11627,137010,MEF*
2017-10-10 00:00:00,11627,137011,MDN*
2017-10-03 00:00:00,11627,136860,MDN*
2017-10-03 00:00:00,11627,136891,MSP*
2017-10-03 00:00:00,11627,136856,MINISTERIO INTERIOR
2017-10-03 00:00:00,11627,136828,MEF*
2017-10-03 00:00:00,11627,136838,MDN*
2017-10-03 00:00:00,11627,136910,MINISTERIO INTERIOR
2017-10-03 00:00:00,11627,136917,SUPREMA CORTE JUSTICIA
2017-10-03 00:00:00,11627,136918,MDN*
2017-10-03 00:00:00,11627,136916,MDN*
2017-10-03 00:00:00,11627,136911,MEC*
2017-10-03 00:00:00,11627,136912,MRREE*
2017-08-01 00:00:00,11627,135975,MDN*
2017-03-28 00:00:00,11627,134199,MVOTMA*
2017-03-28 00:00:00,11627,134187,MEF*
2019-03-29 00:00:00,11599,143055,MEF*
2018-12-20 00:00:00,11599,142232,MTOP*
2018-12-12 00:00:00,11599,142157,MDN*
2018-11-06 00:00:00,11599,141752,MTOP*
2018-11-06 00:00:00,11599,141755,MTOP*
2018-10-24 00:00:00,11599,141640,MTOP*
2018-10-24 00:00:00,11599,141641,MTOP*
2018-10-24 00:00:00,11599,141643,MINISTERIO INTERIOR
2018-10-16 00:00:00,11599,141563,MTOP*
2018-10-02 00:00:00,11599,141411,MTOP*
2018-10-02 00:00:00,11599,141414,MDN*
2018-10-02 00:00:00,11599,141423,MTOP*
2018-09-04 00:00:00,11599,141091,MDN*
2018-08-15 00:00:00,11599,140837,MDN*
2018-07-17 00:00:00,11599,140533,MTSS*
2018-07-17 00:00:00,11599,140545,MEF*
2018-07-10 00:00:00,11599,140436,MEF*
2018-06-26 00:00:00,11599,140226,MEF*
2018-06-12 00:00:00,11599,140113,MTOP*
2018-06-05 00:00:00,11599,139993,MTOP*
2018-04-10 00:00:00,11599,139163,MTOP*
2018-04-03 00:00:00,11599,139099,MVOTMA*
2018-03-07 00:00:00,11599,138794,MTOP*
2018-03-06 00:00:00,11599,138945,MTOP*
2018-03-06 00:00:00,11599,138946,MTOP*
2018-03-06 00:00:00,11599,138687,MTOP*
2018-03-06 00:00:00,11599,138736,MTOP*
2018-02-07 00:00:00,11599,138346,MTOP*
2018-02-07 00:00:00,11599,138332,MEF*
2018-02-07 00:00:00,11599,138362,MEF*
2018-02-07 00:00:00,11599,138352,MTOP*
2017-12-20 00:00:00,11599,137986,MDN*
2017-11-07 00:00:00,11599,137380,MEF*
2017-11-01 00:00:00,11599,137319,MEF*
2017-10-11 00:00:00,11599,137032,MTOP*
2017-10-03 00:00:00,11599,136874,MINISTERIO INTERIOR
2017-10-03 00:00:00,11599,137074,MTOP*
2017-09-12 00:00:00,11599,136595,MTOP*
2017-09-05 00:00:00,11599,136484,MTOP*
2017-09-05 00:00:00,11599,136517,MTOP*
2018-07-10 00:00:00,11909,140431,SUPREMA CORTE JUSTICIA
2018-10-09 00:00:00,12460,141503,MSP*
2019-03-06 00:00:00,11329,142612,MSP*
2019-03-06 00:00:00,11329,142608,MSP*
2019-03-06 00:00:00,11329,142664,MTOP*
2019-03-06 00:00:00,11329,142671,MEF*
2019-03-06 00:00:00,11329,142687,MTOP*
2019-03-06 00:00:00,11329,142686,MDN*
2019-03-06 00:00:00,11329,142685,MTOP*
2018-12-14 00:00:00,11329,142187,MEC*
2018-10-02 00:00:00,11329,141413,MTSS*
2018-10-02 00:00:00,11329,141416,MTSS*
2018-10-02 00:00:00,11329,141428,MEC*
2018-09-18 00:00:00,11329,141282,MINISTERIO INTERIOR
2018-09-18 00:00:00,11329,141285,SUPREMA CORTE JUSTICIA
2018-05-02 00:00:00,11329,139491,MEC*
2018-05-02 00:00:00,11329,139492,MIDES*
2018-05-02 00:00:00,11329,139498,MIDES*
2017-12-05 00:00:00,11329,137762,MIEM*
2017-10-20 00:00:00,11329,137991,MSP*
2017-07-05 00:00:00,11329,135574,MSP*
2017-06-13 00:00:00,11329,135240,MIDES*
2017-05-09 00:00:00,11329,134725,MTSS*
2017-05-09 00:00:00,11329,134729,MSP*
2017-05-09 00:00:00,11329,134734,MGAP*
2017-05-02 00:00:00,11329,134598,MIEM*
2017-05-02 00:00:00,11329,134619,MIEM*
2017-05-02 00:00:00,11329,134620,MVOTMA*
2017-03-28 00:00:00,11329,134219,TRIBUNAL CUENTAS
2017-03-15 00:00:00,11329,133902,TRIBUNAL CUENTAS
2017-03-07 00:00:00,11329,133764,MSP*
2017-03-07 00:00:00,11329,133762,MINISTERIO INTERIOR
2017-03-07 00:00:00,11329,133771,MIEM*
2017-03-07 00:00:00,11329,133766,MVOTMA*
2016-12-06 00:00:00,11329,132986,MEF*
2016-12-06 00:00:00,11329,132992,MEF*
2016-12-06 00:00:00,11329,132995,MEF*
2016-11-16 00:00:00,11329,132719,MIEM*
2016-11-16 00:00:00,11329,132718,MEC*
2016-11-16 00:00:00,11329,132724,MIEM*
2016-11-16 00:00:00,11329,132723,MIEM*
2016-11-08 00:00:00,11329,132531,MINISTERIO INTERIOR
2019-03-06 00:00:00,149,142606,MEC*
2019-03-06 00:00:00,149,142622,MINISTERIO INTERIOR
2018-11-07 00:00:00,149,141789,MDN*
2018-09-05 00:00:00,149,141142,MEF*
2018-07-31 00:00:00,149,140638,MTSS*
2018-06-26 00:00:00,149,140232,MRREE*
2018-05-08 00:00:00,149,139566,MINISTERIO TURISMO
2018-05-08 00:00:00,149,139591,SUPREMA CORTE JUSTICIA
2018-04-03 00:00:00,149,139050,SUPREMA CORTE JUSTICIA
2018-03-06 00:00:00,149,138942,SUPREMA CORTE JUSTICIA
2018-03-06 00:00:00,149,138943,MINISTERIO INTERIOR
2017-09-05 00:00:00,149,136488,MVOTMA*
2017-06-22 00:00:00,149,135407,MINISTERIO INTERIOR
2017-06-13 00:00:00,149,135241,TRIBUNAL CUENTAS
2017-05-02 00:00:00,149,134609,MINISTERIO INTERIOR
2017-03-28 00:00:00,149,134181,MIDES*
2017-02-15 00:00:00,149,133636,MEC*
2016-10-31 00:00:00,149,132411,MINISTERIO TURISMO
2016-10-04 00:00:00,149,131907,SUPREMA CORTE JUSTICIA
2016-10-04 00:00:00,149,131910,MSP*
2016-09-13 00:00:00,149,131626,TRIBUNAL CUENTAS
2016-09-06 00:00:00,149,131454,MEC*
2016-08-16 00:00:00,149,131234,MEF*
2016-07-27 00:00:00,149,130909,SUPREMA CORTE JUSTICIA
2016-04-12 00:00:00,149,129071,MTOP*
2016-02-24 00:00:00,149,128397,MSP*
2015-12-01 00:00:00,149,127660,MINISTERIO INTERIOR
2015-11-03 00:00:00,149,127148,MDN*
2015-10-06 00:00:00,149,126831,MDN*
2015-08-18 00:00:00,149,126048,MRREE*
2015-08-18 00:00:00,149,126053,MGAP*
2015-05-12 00:00:00,149,124447,MVOTMA*
2015-04-14 00:00:00,149,124109,MEC*
2016-07-27 00:00:00,11781,130926,MEC*
2016-07-27 00:00:00,11781,130928,MEC*
2016-07-13 00:00:00,11781,130769,MIEM*
2015-06-09 00:00:00,11781,124899,MEC*
2015-06-09 00:00:00,11781,124902,MEC*
2015-07-01 00:00:00,8217,125243,MTOP*
2015-07-01 00:00:00,8217,125245,MTOP*
2015-06-18 00:00:00,8217,125080,MEC*
2015-06-18 00:00:00,8217,125081,MEC*
2019-03-29 00:00:00,2901,143054,MDN*
2018-09-11 00:00:00,2901,141201,MINISTERIO INTERIOR
2018-09-04 00:00:00,2901,141090,MEC*
2018-09-04 00:00:00,2901,141099,MEF*
2018-09-04 00:00:00,2901,141102,MEC*
2018-06-05 00:00:00,2901,139969,MEF*
2017-11-14 00:00:00,2901,137483,MEC*
2016-09-06 00:00:00,2901,131472,MIEM*
2016-07-27 00:00:00,2901,130913,MGAP*
2016-06-07 00:00:00,2901,130106,MIEM*
2016-05-17 00:00:00,2901,129701,MIEM*
2016-04-12 00:00:00,2901,129076,MTOP*
2016-04-12 00:00:00,2901,129076,MIDES*
2016-03-08 00:00:00,2901,128586,MGAP*
2016-03-02 00:00:00,2901,128464,MTOP*
2016-03-02 00:00:00,2901,128464,MIDES*
2016-03-02 00:00:00,2901,128466,MEF*
2015-09-01 00:00:00,2901,126287,MEC*
2019-03-06 00:00:00,11602,142536,MVOTMA*
2018-11-06 00:00:00,11602,141749,MVOTMA*
2018-08-14 00:00:00,11602,140798,MSP*
2018-07-31 00:00:00,11602,140646,MGAP*
2018-07-31 00:00:00,11602,140648,MGAP*
2018-07-31 00:00:00,11602,140649,MSP*
2018-07-17 00:00:00,11602,140548,MTOP*
2018-07-17 00:00:00,11602,140549,MDN*
2018-03-06 00:00:00,11602,138639,MIDES*
2018-03-06 00:00:00,11602,138638,MVOTMA*
2018-03-06 00:00:00,11602,138671,MIDES*
2018-03-06 00:00:00,11602,138709,MINISTERIO INTERIOR
2018-03-02 00:00:00,11602,138723,MINISTERIO TURISMO
2018-02-07 00:00:00,11602,138333,MSP*
2018-02-07 00:00:00,11602,138365,MTOP*
2017-12-05 00:00:00,11602,137775,MINISTERIO INTERIOR
2017-11-07 00:00:00,11602,137403,MIEM*
2017-10-03 00:00:00,11602,136927,MEC*
2017-06-22 00:00:00,11602,135379,MTOP*
2017-06-22 00:00:00,11602,135381,MVOTMA*
2017-06-22 00:00:00,11602,135372,MTSS*
2017-06-22 00:00:00,11602,135376,MEC*
2017-06-22 00:00:00,11602,135392,MIEM*
2017-06-22 00:00:00,11602,135390,MVOTMA*
2017-06-22 00:00:00,11602,135398,OPP*
2017-06-22 00:00:00,11602,135378,MIEM*
2017-06-22 00:00:00,11602,135397,MEF*
2017-06-22 00:00:00,11602,135385,MEF*
2017-06-22 00:00:00,11602,135383,MEF*
2017-06-22 00:00:00,11602,135380,MEF*
2017-06-06 00:00:00,11602,135092,MEF*
2017-06-06 00:00:00,11602,135110,MIEM*
2017-06-06 00:00:00,11602,135111,MSP*
2017-05-02 00:00:00,11602,134644,MEC*
2017-04-04 00:00:00,11602,134304,MVOTMA*
2017-04-04 00:00:00,11602,134306,MVOTMA*
2017-04-04 00:00:00,11602,134307,MVOTMA*
2017-02-15 00:00:00,11602,133641,MTOP*
2016-12-28 00:00:00,11602,133334,MTOP*
2016-12-28 00:00:00,11602,133347,MTOP*
2018-04-04 00:00:00,2924,139106,MGAP*
2016-05-17 00:00:00,2924,129711,MEF*
2015-07-23 00:00:00,11703,125595,MEC*
2018-11-22 00:00:00,5572,141927,MEF*
2017-07-12 00:00:00,5572,135678,MEF*
2017-07-12 00:00:00,5572,135677,MVOTMA*
2016-04-12 00:00:00,5572,129099,MEF*
2016-11-15 00:00:00,11622,132684,MEF*
2016-04-12 00:00:00,11622,129078,MEF*
2015-12-01 00:00:00,9889,127663,MDN*
2018-06-06 00:00:00,11923,140024,MIDES*
2018-06-06 00:00:00,11923,140026,MSP*
2018-04-11 00:00:00,11923,139202,MEF*
2018-04-04 00:00:00,11923,139117,MTOP*
2017-11-15 00:00:00,11923,137597,MEF*
2017-11-15 00:00:00,11923,137598,MINISTERIO INTERIOR
2017-11-15 00:00:00,11923,137599,MDN*
2017-11-15 00:00:00,11923,137594,MEC*
2017-11-15 00:00:00,11923,137595,MGAP*
2017-11-15 00:00:00,11923,137596,MIEM*
2017-11-15 00:00:00,11923,137603,MIDES*
2017-11-15 00:00:00,11923,137604,MTSS*
2017-11-15 00:00:00,11923,137605,MSP*
2017-11-15 00:00:00,11923,137600,MINISTERIO TURISMO
2017-11-15 00:00:00,11923,137601,MTOP*
2017-11-15 00:00:00,11923,137602,MVOTMA*
2017-11-15 00:00:00,11923,137584,MEF*
2017-11-15 00:00:00,11923,137585,MDN*
2017-11-15 00:00:00,11923,137586,MINISTERIO INTERIOR
2017-11-15 00:00:00,11923,137581,MTOP*
2017-11-15 00:00:00,11923,137582,MINISTERIO TURISMO
2017-11-15 00:00:00,11923,137583,MIEM*
2017-11-15 00:00:00,11923,137591,MTSS*
2017-11-15 00:00:00,11923,137592,MIDES*
2017-11-15 00:00:00,11923,137593,MVOTMA*
2017-11-15 00:00:00,11923,137587,MGAP*
2017-11-15 00:00:00,11923,137589,MEC*
2017-11-15 00:00:00,11923,137590,MSP*
2017-11-14 00:00:00,11923,137485,MSP*
2015-11-17 00:00:00,11923,127418,MSP*
2015-11-17 00:00:00,11923,127430,MEC*
2015-11-17 00:00:00,11923,127432,MDN*
2018-10-02 00:00:00,9972,141425,MSP*
2018-09-11 00:00:00,9972,141203,MSP*
2017-09-05 00:00:00,9972,136525,MTOP*
2017-03-28 00:00:00,9972,134180,MVOTMA*
2016-12-06 00:00:00,9972,133014,MEC*
2016-12-06 00:00:00,9972,133015,MIEM*
2016-10-18 00:00:00,9972,132131,MEC*
2016-10-18 00:00:00,9972,132128,MEC*
2015-07-14 00:00:00,9972,125452,MIEM*
2015-07-01 00:00:00,9972,125239,MSP*
2015-06-16 00:00:00,9972,125019,MSP*
2015-06-16 00:00:00,9972,125022,MSP*
2015-03-03 00:00:00,9972,123482,MSP*
2018-12-04 00:00:00,11589,142044,MSP*
2018-08-14 00:00:00,11589,140784,MINISTERIO INTERIOR
2018-07-31 00:00:00,11589,140651,MINISTERIO INTERIOR
2018-07-03 00:00:00,11589,140347,MIDES*
2018-04-03 00:00:00,11589,139061,MINISTERIO INTERIOR
2018-04-03 00:00:00,11589,139064,MIDES*
2018-03-13 00:00:00,11589,138853,MIDES*
2018-03-06 00:00:00,11589,138688,MINISTERIO INTERIOR
2018-03-06 00:00:00,11589,138693,MEC*
2018-02-07 00:00:00,11589,138372,MGAP*
2017-10-10 00:00:00,11589,137003,MEC*
2017-10-04 00:00:00,11589,136932,MSP*
2017-09-05 00:00:00,11589,136493,MTSS*
2017-05-02 00:00:00,11589,134625,MSP*
2017-03-28 00:00:00,11589,134225,MEC*
2017-03-07 00:00:00,11589,133755,MIEM*
2017-03-07 00:00:00,11589,133754,MIDES*
2017-03-07 00:00:00,11589,133752,MEC*
2017-03-07 00:00:00,11589,133759,MEF*
2017-03-07 00:00:00,11589,133758,MINISTERIO TURISMO
2017-03-07 00:00:00,11589,133757,MVOTMA*
2017-03-07 00:00:00,11589,133741,MSP*
2017-02-15 00:00:00,11589,133617,MSP*
2016-12-06 00:00:00,11589,133009,MIDES*
2016-11-15 00:00:00,11589,132659,MTSS*
2016-10-31 00:00:00,11589,132397,MIEM*
2016-09-26 00:00:00,11589,131812,MEC*
2016-09-06 00:00:00,11589,131486,MEC*
2016-09-06 00:00:00,11589,131468,MDN*
2016-09-06 00:00:00,11589,131492,MVOTMA*
2016-09-06 00:00:00,11589,131465,MGAP*
2016-09-06 00:00:00,11589,131495,MINISTERIO INTERIOR
2016-08-02 00:00:00,11589,131006,MDN*
2016-07-05 00:00:00,11589,130612,MIDES*
2016-06-08 00:00:00,11589,130129,MTSS*
2016-04-13 00:00:00,11589,129115,MINISTERIO INTERIOR
2016-04-06 00:00:00,11589,128946,MVOTMA*
2016-04-05 00:00:00,11589,128897,MDN*
2016-04-05 00:00:00,11589,128889,MSP*
2016-04-05 00:00:00,11589,128880,MEC*
2019-03-29 00:00:00,11709,143061,MEC*
2019-03-29 00:00:00,11709,143062,MSP*
2019-03-06 00:00:00,11709,142572,MIEM*
2019-03-06 00:00:00,11709,142539,MTOP*
2019-03-06 00:00:00,11709,142662,MSP*
2019-03-06 00:00:00,11709,142651,MINISTERIO INTERIOR
2018-12-27 00:00:00,11709,142268,MSP*
2018-12-27 00:00:00,11709,142277,MINISTERIO INTERIOR
2018-12-20 00:00:00,11709,142242,MTOP*
2018-12-14 00:00:00,11709,142184,MDN*
2018-12-14 00:00:00,11709,142183,MSP*
2018-12-14 00:00:00,11709,142186,MIEM*
2018-12-14 00:00:00,11709,142185,MVOTMA*
2018-12-04 00:00:00,11709,142039,MINISTERIO INTERIOR
2018-12-04 00:00:00,11709,142036,MTOP*
2018-11-22 00:00:00,11709,141930,MEF*
2018-11-22 00:00:00,11709,141933,MSP*
2018-10-02 00:00:00,11709,141409,SUPREMA CORTE JUSTICIA
2018-10-02 00:00:00,11709,141421,MINISTERIO INTERIOR
2018-10-02 00:00:00,11709,141424,MVOTMA*
2018-10-02 00:00:00,11709,141419,MGAP*
2018-09-11 00:00:00,11709,141198,MSP*
2018-09-11 00:00:00,11709,141197,MIDES*
2018-09-11 00:00:00,11709,141199,MSP*
2018-09-11 00:00:00,11709,141202,MSP*
2018-09-11 00:00:00,11709,141200,MTOP*
2018-09-05 00:00:00,11709,141146,MDN*
2018-09-05 00:00:00,11709,141148,MEF*
2018-09-04 00:00:00,11709,141108,MINISTERIO INTERIOR
2018-09-04 00:00:00,11709,141106,MSP*
2018-08-14 00:00:00,11709,140801,MSP*
2018-08-14 00:00:00,11709,140802,MDN*
2018-07-31 00:00:00,11709,140632,MINISTERIO INTERIOR
2018-07-31 00:00:00,11709,140628,MRREE*
2018-07-31 00:00:00,11709,140626,MEC*
2018-07-31 00:00:00,11709,140643,MEC*
2018-07-31 00:00:00,11709,140633,MINISTERIO INTERIOR
2018-07-17 00:00:00,11709,140540,MINISTERIO INTERIOR
2018-07-17 00:00:00,11709,140748,MEF*
2018-07-10 00:00:00,11709,140432,MSP*
2015-07-27 00:00:00,11835,125668,MSP*
2017-10-03 00:00:00,11577,136884,MDN*
2017-08-04 00:00:00,12013,136067,MEC*
2018-06-12 00:00:00,10032,140097,MTOP*
2018-06-12 00:00:00,10032,140096,MVOTMA*
2018-06-12 00:00:00,10032,140098,MSP*
2017-09-05 00:00:00,10032,136503,MIEM*
2017-06-07 00:00:00,10032,135161,MVOTMA*
2017-06-07 00:00:00,10032,135149,MINISTERIO INTERIOR
2017-06-07 00:00:00,10032,135156,MTSS*
2017-06-07 00:00:00,10032,135152,MTOP*
2017-06-07 00:00:00,10032,135157,MTOP*
2017-06-07 00:00:00,10032,135159,MDN*
2017-06-07 00:00:00,10032,135158,MVOTMA*
2018-12-20 00:00:00,2735,142234,MSP*
2018-07-04 00:00:00,2735,140360,MTOP*
2018-06-13 00:00:00,2735,140123,MEF*
2017-11-07 00:00:00,2735,137373,MEF*
2017-11-07 00:00:00,2735,137374,OPP*
2017-11-07 00:00:00,2735,137402,MINISTERIO INTERIOR
2017-07-24 00:00:00,2735,135853,MINISTERIO INTERIOR
2016-08-09 00:00:00,2735,131105,MEF*
2016-08-02 00:00:00,2735,131007,MIEM*
2016-08-01 00:00:00,2735,130997,MIEM*
2016-07-06 00:00:00,2735,130636,MVOTMA*
2016-07-06 00:00:00,2735,130637,MTSS*
2016-02-24 00:00:00,2735,128363,MVOTMA*
2016-01-01 00:00:00,2735,128032,MEF*
2016-01-01 00:00:00,2735,128031,MEF*
2016-01-01 00:00:00,2735,128034,MINISTERIO TURISMO
2016-01-01 00:00:00,2735,128033,MIEM*
2016-01-01 00:00:00,2735,128030,MEF*
2016-01-01 00:00:00,2735,128029,MEF*
2015-12-02 00:00:00,2735,127694,MVOTMA*
2015-12-01 00:00:00,2735,127658,MINISTERIO INTERIOR
2015-12-01 00:00:00,2735,127661,MEF*
2015-11-17 00:00:00,2735,127422,MIEM*
2015-11-10 00:00:00,2735,127249,MIDES*
2015-10-11 00:00:00,2735,126904,MVOTMA*
2015-10-11 00:00:00,2735,126905,MTSS*
2015-10-11 00:00:00,2735,126906,MTSS*
2015-09-09 00:00:00,2735,126490,MIEM*
2015-09-09 00:00:00,2735,126488,MIDES*
2015-09-09 00:00:00,2735,126491,MIEM*
2015-09-09 00:00:00,2735,126495,MIEM*
2015-09-09 00:00:00,2735,126492,MEC*
2015-08-12 00:00:00,2735,125927,MEF*
2015-04-14 00:00:00,2735,124111,MVOTMA*
2015-04-07 00:00:00,2735,123971,MIDES*
2018-09-12 00:00:00,11597,141217,MGAP*
2018-09-12 00:00:00,11597,141218,MIEM*
2018-06-26 00:00:00,11597,140224,MEC*
2018-05-15 00:00:00,11597,139715,MINISTERIO INTERIOR
2018-05-15 00:00:00,11597,139717,MIDES*
2018-04-18 00:00:00,11597,139340,MSP*
2018-04-03 00:00:00,11597,139075,MIDES*
2017-06-06 00:00:00,11597,135134,MEC*
2017-05-02 00:00:00,11597,134639,MTSS*
2017-05-02 00:00:00,11597,134641,ONSC*
2017-03-14 00:00:00,11597,133863,MTSS*
2017-03-14 00:00:00,11597,133870,MEF*
2016-11-08 00:00:00,11597,132540,MDN*
2016-11-08 00:00:00,11597,132538,MTSS*
2016-11-08 00:00:00,11597,132537,MINISTERIO INTERIOR
2016-10-31 00:00:00,11597,132402,MINISTERIO INTERIOR
2016-09-06 00:00:00,11597,131485,MDN*
2016-04-05 00:00:00,11597,128901,MTSS*
2016-03-08 00:00:00,11597,128565,MIDES*
2016-03-05 00:00:00,11597,128882,MTSS*
2016-03-05 00:00:00,11597,128906,MTOP*
2016-03-05 00:00:00,11597,128905,MTSS*
2016-02-24 00:00:00,11597,128390,MIEM*
2015-08-04 00:00:00,11597,125733,MSP*
2015-03-11 00:00:00,11597,123625,MEC*
2015-03-10 00:00:00,11597,123590,MEF*
2015-03-10 00:00:00,11597,123590,MVOTMA*
2015-03-10 00:00:00,11597,123590,MIEM*
2015-03-10 00:00:00,11597,123597,MIDES*
2019-03-06 00:00:00,7759,142531,SUPREMA CORTE JUSTICIA
2018-12-27 00:00:00,7759,142273,MVOTMA*
2018-12-05 00:00:00,7759,142070,MGAP*
2018-12-05 00:00:00,7759,142072,MVOTMA*
2018-12-05 00:00:00,7759,142067,MIEM*
2018-12-05 00:00:00,7759,142069,MVOTMA*
2018-12-05 00:00:00,7759,142075,MIEM*
2018-12-05 00:00:00,7759,142076,MIDES*
2018-12-05 00:00:00,7759,142073,MIEM*
2018-11-13 00:00:00,7759,141828,MVOTMA*
2018-10-10 00:00:00,7759,141510,MSP*
2018-09-05 00:00:00,7759,141147,MTOP*
2018-06-06 00:00:00,7759,140025,MEC*
2018-05-15 00:00:00,7759,139706,MIEM*
2018-05-09 00:00:00,7759,139624,MSP*
2018-05-09 00:00:00,7759,139626,MSP*
2018-04-10 00:00:00,7759,139178,MEC*
2018-04-10 00:00:00,7759,139183,MSP*
2018-03-06 00:00:00,7759,138707,MINISTERIO INTERIOR
2017-11-14 00:00:00,7759,137487,SUPREMA CORTE JUSTICIA
2017-11-07 00:00:00,7759,137387,OPP*
2017-10-11 00:00:00,7759,137034,MIEM*
2017-10-11 00:00:00,7759,137035,MDN*
2017-10-11 00:00:00,7759,137036,MIEM*
2017-10-10 00:00:00,7759,137000,MVOTMA*
2017-10-03 00:00:00,7759,136841,MIDES*
2017-10-03 00:00:00,7759,136903,MTOP*
2017-10-03 00:00:00,7759,136909,MTOP*
2017-09-12 00:00:00,7759,136584,MIEM*
2017-06-07 00:00:00,7759,135166,MIEM*
2017-05-09 00:00:00,7759,134755,MSP*
2017-03-17 00:00:00,7759,133756,MGAP*
2016-11-08 00:00:00,7759,132520,MINISTERIO INTERIOR
2016-11-08 00:00:00,7759,132520,SUPREMA CORTE JUSTICIA
2016-11-08 00:00:00,7759,132520,MDN*
2016-10-11 00:00:00,7759,132027,TRIBUNAL CUENTAS
2016-10-11 00:00:00,7759,132035,TRIBUNAL CUENTAS
2016-08-03 00:00:00,7759,131025,MIEM*
2016-08-03 00:00:00,7759,131028,ONSC*
2016-07-06 00:00:00,7759,130631,SUPREMA CORTE JUSTICIA
2016-06-15 00:00:00,7759,130268,MEF*
2019-03-29 00:00:00,11582,143059,MSP*
2019-03-06 00:00:00,11582,142657,MTOP*
2018-10-03 00:00:00,11582,141442,MVOTMA*
2018-09-04 00:00:00,11582,141107,MEF*
2018-09-04 00:00:00,11582,141121,MEC*
2018-09-04 00:00:00,11582,141123,MTSS*
2018-07-31 00:00:00,11582,140627,MIDES*
2018-07-31 00:00:00,11582,140636,ONSC*
2018-06-05 00:00:00,11582,139991,MEF*
2018-02-07 00:00:00,11582,138334,MTOP*
2018-02-07 00:00:00,11582,138337,MVOTMA*
2017-10-17 00:00:00,11582,137125,MVOTMA*
2017-09-06 00:00:00,11582,136535,MIDES*
2017-09-05 00:00:00,11582,136479,MIDES*
2017-09-05 00:00:00,11582,136491,MIDES*
2017-09-05 00:00:00,11582,136492,MIDES*
2017-07-24 00:00:00,11582,135856,MIDES*
2017-07-24 00:00:00,11582,135857,MSP*
2017-07-12 00:00:00,11582,135703,MVOTMA*
2017-03-14 00:00:00,11582,133849,MINISTERIO INTERIOR
2017-03-14 00:00:00,11582,133850,MINISTERIO INTERIOR
2017-03-07 00:00:00,11582,133775,MIDES*
2016-12-28 00:00:00,11582,133346,MIDES*
2016-12-13 00:00:00,11582,133124,MIDES*
2016-10-11 00:00:00,11582,132037,MIDES*
2016-09-06 00:00:00,11582,131520,MIDES*
2016-07-27 00:00:00,11582,130915,MSP*
2016-07-05 00:00:00,11582,130581,MSP*
2016-07-05 00:00:00,11582,130574,MIDES*
2016-07-05 00:00:00,11582,130590,ONSC*
2016-07-05 00:00:00,11582,130587,MIDES*
2016-06-20 00:00:00,11582,130334,MIDES*
2016-06-20 00:00:00,11582,130345,MSP*
2016-06-14 00:00:00,11582,130202,MEC*
2016-06-14 00:00:00,11582,130202,ONSC*
2016-06-14 00:00:00,11582,130202,MTSS*
2016-06-14 00:00:00,11582,130202,MIDES*
2016-06-08 00:00:00,11582,130127,MIDES*
2016-05-31 00:00:00,11582,129955,MIDES*
2016-05-31 00:00:00,11582,129954,MINISTERIO INTERIOR
2016-05-31 00:00:00,11582,129953,MSP*
2016-05-31 00:00:00,11582,129958,MSP*
2016-05-31 00:00:00,11582,129968,MINISTERIO INTERIOR
2019-03-29 00:00:00,5252,143067,MEF*
2019-03-06 00:00:00,5252,142607,MTSS*
2019-03-06 00:00:00,5252,142605,MEF*
2019-03-06 00:00:00,5252,142654,MSP*
2019-03-06 00:00:00,5252,142650,MSP*
2019-03-06 00:00:00,5252,142642,MSP*
2019-03-06 00:00:00,5252,142680,MSP*
2019-03-06 00:00:00,5252,142697,MTSS*
2019-03-06 00:00:00,5252,142674,MEF*
2019-03-06 00:00:00,5252,142672,MTSS*
2019-03-06 00:00:00,5252,142673,MEF*
2018-09-04 00:00:00,5252,141104,MVOTMA*
2018-09-04 00:00:00,5252,141089,MEC*
2018-09-04 00:00:00,5252,141111,MSP*
2018-09-04 00:00:00,5252,141110,MVOTMA*
2018-08-14 00:00:00,5252,140796,MSP*
2018-08-14 00:00:00,5252,140797,MEC*
2018-06-26 00:00:00,5252,140213,MINISTERIO INTERIOR
2018-06-26 00:00:00,5252,140214,MTSS*
2018-06-12 00:00:00,5252,140108,MVOTMA*
2018-05-15 00:00:00,5252,139710,MINISTERIO INTERIOR
2018-05-15 00:00:00,5252,139712,MEF*
2018-05-09 00:00:00,5252,139608,MTSS*
2018-05-09 00:00:00,5252,139609,MTSS*
2018-05-09 00:00:00,5252,139611,MEC*
2018-04-03 00:00:00,5252,139036,MIEM*
2018-04-03 00:00:00,5252,139072,MEC*
2018-04-03 00:00:00,5252,139084,MEC*
2018-02-07 00:00:00,5252,138375,MEF*
2018-02-07 00:00:00,5252,138367,MSP*
2018-02-07 00:00:00,5252,138377,MTSS*
2018-02-07 00:00:00,5252,138402,MIEM*
2018-02-07 00:00:00,5252,138400,MGAP*
2017-12-05 00:00:00,5252,137774,MIEM*
2017-12-05 00:00:00,5252,137772,MIEM*
2017-12-05 00:00:00,5252,137787,MIEM*
2017-12-05 00:00:00,5252,137786,MVOTMA*
2017-10-17 00:00:00,5252,137112,MIEM*
2017-10-03 00:00:00,5252,136842,MSP*
2017-10-03 00:00:00,5252,136845,MIDES*
2018-07-17 00:00:00,11595,140547,MINISTERIO INTERIOR
2018-05-16 00:00:00,11595,139760,MEC*
2017-08-16 00:00:00,11595,136289,MEC*
2017-05-09 00:00:00,11595,134758,MSP*
2016-03-15 00:00:00,11595,128703,MVOTMA*
2018-10-16 00:00:00,9894,141559,MTOP*
2018-09-04 00:00:00,9894,141095,MIEM*
2018-09-04 00:00:00,9894,141124,MVOTMA*
2018-03-06 00:00:00,9894,138674,SUPREMA CORTE JUSTICIA
2018-03-06 00:00:00,9894,138678,MEC*
2018-03-06 00:00:00,9894,138681,TCA*
2017-11-07 00:00:00,9894,137397,MEC*
2017-11-07 00:00:00,9894,137381,MEC*
2017-07-04 00:00:00,9894,135543,MEC*
2017-06-06 00:00:00,9894,135126,MTOP*
2017-05-10 00:00:00,9894,134777,MEC*
2016-11-08 00:00:00,9894,132522,MEC*
2016-11-08 00:00:00,9894,132525,MEC*
2016-11-01 00:00:00,9894,132521,MEC*
2016-07-05 00:00:00,8876,130605,MVOTMA*
2016-07-05 00:00:00,8876,130605,MIEM*
2016-07-12 00:00:00,11801,130712,ONSC*
2015-08-18 00:00:00,10139,126038,MVOTMA*
2015-08-12 00:00:00,10139,125924,MINISTERIO INTERIOR
2015-08-12 00:00:00,10139,125918,MINISTERIO INTERIOR
2015-08-12 00:00:00,10139,125920,MEC*
2015-08-12 00:00:00,10139,125921,MVOTMA*
2018-12-20 00:00:00,9943,142236,MEC*
2018-12-20 00:00:00,9943,142235,MVOTMA*
2018-06-05 00:00:00,9943,139986,MEF*
2019-03-06 00:00:00,11704,142564,MIEM*
2019-03-06 00:00:00,11704,142566,MIEM*
2019-03-06 00:00:00,11704,142557,MEF*
2019-03-06 00:00:00,11704,142558,MEF*
2019-03-06 00:00:00,11704,142570,MTOP*
2019-03-06 00:00:00,11704,142567,MIEM*
2019-03-06 00:00:00,11704,142568,MTOP*
2019-03-06 00:00:00,11704,142540,MTSS*
2019-03-06 00:00:00,11704,142544,MVOTMA*
2019-03-06 00:00:00,11704,142529,MIEM*
2019-03-06 00:00:00,11704,142533,MIDES*
2019-03-06 00:00:00,11704,142554,MIDES*
2019-03-06 00:00:00,11704,142555,MEF*
2019-03-06 00:00:00,11704,142549,MVOTMA*
2019-03-06 00:00:00,11704,142551,MVOTMA*
2019-03-06 00:00:00,11704,142588,MEF*
2019-03-06 00:00:00,11704,142589,MRREE*
2019-03-06 00:00:00,11704,142584,MGAP*
2019-03-06 00:00:00,11704,142587,MIEM*
2019-03-06 00:00:00,11704,142592,MDN*
2019-03-06 00:00:00,11704,142604,OPP*
2019-03-06 00:00:00,11704,142590,MINISTERIO INTERIOR
2019-03-06 00:00:00,11704,142575,MSP*
2019-03-06 00:00:00,11704,142577,MTSS*
2019-03-06 00:00:00,11704,142573,MIEM*
2019-03-06 00:00:00,11704,142574,MEC*
2019-03-06 00:00:00,11704,142582,MEC*
2019-03-06 00:00:00,11704,142580,MTOP*
2019-03-06 00:00:00,11704,142578,MVOTMA*
2019-03-06 00:00:00,11704,142579,MINISTERIO TURISMO
2018-10-16 00:00:00,11704,141550,MEF*
2018-08-14 00:00:00,11704,140785,MTSS*
2018-07-17 00:00:00,11704,140543,MSP*
2018-06-26 00:00:00,11704,140228,MIEM*
2018-06-26 00:00:00,11704,140230,MTSS*
2018-05-09 00:00:00,11704,139616,MEF*
2018-05-09 00:00:00,11704,139615,MEF*
2018-03-07 00:00:00,11704,138755,MIEM*
2018-10-03 00:00:00,4295,141440,MINISTERIO INTERIOR
2015-11-03 00:00:00,2882,127279,MDN*
2016-03-16 00:00:00,11890,128746,MTSS*
2015-03-11 00:00:00,11636,123649,MEF*
2015-03-11 00:00:00,11636,123647,MIEM*
2017-07-24 00:00:00,320,135852,MEF*
2015-12-09 00:00:00,320,127823,SUPREMA CORTE JUSTICIA
2017-06-06 00:00:00,11732,135129,MIEM*
2017-06-06 00:00:00,11732,135098,MSP*
2015-12-21 00:00:00,11732,127992,MVOTMA*
2017-11-08 00:00:00,9902,137424,MIEM*
2017-10-03 00:00:00,9902,136919,MEC*
2018-03-06 00:00:00,405,138700,MINISTERIO INTERIOR
2018-03-06 00:00:00,405,138704,MINISTERIO INTERIOR
2018-03-06 00:00:00,405,138737,MDN*
2018-02-07 00:00:00,405,138373,MRREE*
2017-11-15 00:00:00,405,137566,MDN*
2017-11-07 00:00:00,405,137373,MEF*
2017-11-07 00:00:00,405,137374,OPP*
2017-11-07 00:00:00,405,137402,MINISTERIO INTERIOR
2017-11-01 00:00:00,405,137302,MEC*
2017-11-01 00:00:00,405,137281,MVOTMA*
2017-11-01 00:00:00,405,137321,MINISTERIO INTERIOR
2017-11-01 00:00:00,405,137340,MINISTERIO INTERIOR
2017-11-01 00:00:00,405,137325,MEF*
2017-10-03 00:00:00,405,136814,MVOTMA*
2017-10-03 00:00:00,405,136815,MSP*
2017-10-03 00:00:00,405,136816,MVOTMA*
2017-06-22 00:00:00,405,135404,MRREE*
2017-03-07 00:00:00,405,133736,MINISTERIO INTERIOR
2017-03-07 00:00:00,405,133737,MRREE*
2017-03-07 00:00:00,405,133772,MTSS*
2016-12-28 00:00:00,405,133323,MINISTERIO INTERIOR
2016-11-15 00:00:00,405,132687,MRREE*
2016-11-15 00:00:00,405,132685,MRREE*
2016-05-03 00:00:00,405,129403,MTOP*
2016-05-03 00:00:00,405,129372,MTOP*
2016-05-03 00:00:00,405,129407,MEF*
2016-05-03 00:00:00,405,129410,MEC*
2016-05-03 00:00:00,405,129408,MSP*
2016-04-14 00:00:00,405,129402,MRREE*
2016-02-24 00:00:00,405,128395,MDN*
2016-02-24 00:00:00,405,128385,MDN*
2015-12-15 00:00:00,405,127902,MRREE*
2015-12-09 00:00:00,405,127824,MRREE*
2015-11-03 00:00:00,405,127140,MDN*
2015-11-03 00:00:00,405,127135,MGAP*
2015-11-03 00:00:00,405,127155,MGAP*
2015-11-03 00:00:00,405,127159,MINISTERIO INTERIOR
2015-11-03 00:00:00,405,127156,MEF*
2015-10-06 00:00:00,405,126806,MDN*
2015-09-01 00:00:00,405,126283,MDN*
2019-04-10 00:00:00,7981,143179,MGAP*
2018-12-20 00:00:00,7981,142241,MSP*
2018-12-12 00:00:00,7981,142156,MTOP*
2018-12-04 00:00:00,7981,142042,MGAP*
2018-08-14 00:00:00,7981,140800,MTOP*
2018-06-05 00:00:00,7981,139987,MEC*
2018-04-03 00:00:00,7981,139076,MTOP*
2018-03-14 00:00:00,7981,138870,MDN*
2018-03-06 00:00:00,7981,138944,MGAP*
2018-03-06 00:00:00,7981,138701,MSP*
2017-11-14 00:00:00,7981,137532,MINISTERIO INTERIOR
2017-11-14 00:00:00,7981,137533,SUPREMA CORTE JUSTICIA
2017-10-17 00:00:00,7981,137110,MEC*
2017-08-09 00:00:00,7981,136180,MINISTERIO INTERIOR
2017-08-09 00:00:00,7981,136182,MSP*
2017-08-09 00:00:00,7981,136183,MTOP*
2017-08-01 00:00:00,7981,135979,MINISTERIO INTERIOR
2017-06-28 00:00:00,7981,135478,MTOP*
2017-05-16 00:00:00,7981,134848,MGAP*
2017-05-02 00:00:00,7981,134607,MGAP*
2017-05-02 00:00:00,7981,134606,MINISTERIO INTERIOR
2017-05-02 00:00:00,7981,134608,MIEM*
2017-05-02 00:00:00,7981,134622,MVOTMA*
2017-05-02 00:00:00,7981,134621,MVOTMA*
2017-03-14 00:00:00,7981,133859,MRREE*
2016-12-07 00:00:00,7981,133040,MIDES*
2016-12-06 00:00:00,7981,133000,MTOP*
2016-12-06 00:00:00,7981,132998,MTOP*
2016-12-06 00:00:00,7981,133002,MEC*
2016-12-06 00:00:00,7981,133005,MEF*
2016-12-06 00:00:00,7981,133004,MIDES*
2016-11-24 00:00:00,7981,132840,MINISTERIO INTERIOR
2016-08-01 00:00:00,7981,130987,MTSS*
2016-05-31 00:00:00,7981,129956,MSP*
2016-05-31 00:00:00,7981,129957,MVOTMA*
2016-05-31 00:00:00,7981,129959,MVOTMA*
2016-04-05 00:00:00,7981,128885,MEF*
2016-04-05 00:00:00,7981,128885,MGAP*
2016-03-02 00:00:00,7981,128459,MVOTMA*
2015-12-01 00:00:00,7981,127665,MIEM*
2015-11-10 00:00:00,7981,127251,MEF*
2018-09-05 00:00:00,10034,141139,MVOTMA*
2018-04-10 00:00:00,10034,139176,ONSC*
2018-04-10 00:00:00,10034,139175,MEC*
2017-11-08 00:00:00,10034,137424,MIEM*
2015-04-07 00:00:00,10034,123973,MIDES*
2016-05-03 00:00:00,11623,129373,MIDES*
2016-05-03 00:00:00,11623,129381,MSP*
2016-05-03 00:00:00,11623,129385,MSP*
2015-08-21 00:00:00,11623,126144,MSP*
2015-08-21 00:00:00,11623,126144,MIDES*
2015-07-27 00:00:00,11623,125664,MSP*
2015-07-27 00:00:00,11623,125665,MEC*
2015-04-07 00:00:00,5193,123955,MVOTMA*
2015-04-07 00:00:00,5193,123977,MGAP*
2015-03-03 00:00:00,5193,123449,MTOP*
2019-03-06 00:00:00,9973,142539,MTOP*
2018-12-27 00:00:00,9973,142270,MIEM*
2018-12-27 00:00:00,9973,142272,MTOP*
2018-11-06 00:00:00,9973,141762,MTSS*
2018-09-04 00:00:00,9973,141103,MEF*
2018-05-08 00:00:00,9973,139592,MSP*
2018-04-18 00:00:00,9973,139339,MIDES*
2018-04-10 00:00:00,9973,139180,MGAP*
2018-04-03 00:00:00,9973,139053,MGAP*
2017-11-07 00:00:00,9973,137377,MTOP*
2017-10-03 00:00:00,9973,136865,MTOP*
2017-09-12 00:00:00,9973,136618,MSP*
2017-09-05 00:00:00,9973,136499,MSP*
2017-09-05 00:00:00,9973,136500,MSP*
2017-05-09 00:00:00,9973,134740,MTSS*
2017-05-09 00:00:00,9973,134739,MIDES*
2017-05-09 00:00:00,9973,134742,MEC*
2017-05-09 00:00:00,9973,134747,MIEM*
2017-05-09 00:00:00,9973,134745,MVOTMA*
2017-05-09 00:00:00,9973,134737,MEF*
2017-03-14 00:00:00,9973,133848,MEC*
2017-03-07 00:00:00,9973,133753,MSP*
2016-11-21 00:00:00,9973,132838,MVOTMA*
2016-11-08 00:00:00,9973,132554,MTOP*
2016-09-06 00:00:00,9973,131461,MEF*
2016-08-11 00:00:00,9973,131179,MIEM*
2016-08-01 00:00:00,9973,130992,MEF*
2016-07-06 00:00:00,9973,130633,MIEM*
2016-07-06 00:00:00,9973,130635,MINISTERIO INTERIOR
2016-06-26 00:00:00,9973,140220,MIDES*
2016-05-03 00:00:00,9973,129406,MEC*
2015-11-10 00:00:00,9973,127250,MDN*
2015-11-10 00:00:00,9973,127248,MIEM*
2015-11-03 00:00:00,9973,127119,MVOTMA*
2015-11-03 00:00:00,9973,127125,MIEM*
2015-11-03 00:00:00,9973,127176,MVOTMA*
2015-08-04 00:00:00,9973,125729,MSP*
2015-04-07 00:00:00,9973,123982,MEF*
2015-04-07 00:00:00,9973,123989,MIEM*
2019-03-06 00:00:00,11580,142660,MTOP*
2017-05-10 00:00:00,11580,134775,MTSS*
2017-03-28 00:00:00,11580,134196,MVOTMA*
2017-03-07 00:00:00,11580,133728,MEF*
2017-03-07 00:00:00,11580,133729,MIEM*
2016-09-07 00:00:00,11580,131551,MEC*
2018-09-18 00:00:00,9966,141288,MTSS*
2018-09-12 00:00:00,9966,141223,MTSS*
2016-10-18 00:00:00,9966,132106,MIDES*
2016-06-07 00:00:00,9966,130078,MIEM*
2016-06-07 00:00:00,9966,130081,MGAP*
